point_addr_hex,logical_name,rw,value_type,scale_divisor,units,min_raw,max_raw,enum_name,notes
0x0050,CRSS,R,u16,,percent,0,100,,type=NumericSpecial; models=0|1|10|11|12|17|2|21|23|24|25|26|28|30|4|41|42|43|44|45|46|47|48|49|50|51|52|53|54|55|56|6|60|61|80|81|82|83|84|85|86|87|9; modelNames=VRP5000W1000W|VT7200C5x00W|VT7200F5x00W|VT7300A5x00W|VT7300C5x00W|VT7300F5x00W|VT7300M5x00W|VT7301F5x00W|VT7305A5x00W|VT7305C5x00W|VT7305F5x00W|VT7350C5x00W|VT7350F5x00W|VT7355C5x00W|VT7355F5x00W|VT7600A5x00W|VT7600B5x00W|VT7600F5x00W|VT7600H5x00W|VT7600W5x00W|VT7605B5x00W|VT7606E5x00W|VT7607B5x00W|VT7652A5x00W|VT7652B5x00W|VT7652F5x00W|VT7652H5x00W|VT7652W5x00W|VT7656B5x00W|VT7656E5x00W|VT7657B5x00W|VTR7300A5x00W|VTR7305A5x00W|VTR7350A5x00W|VTR7355A5x00W|VZ7200F5x00W|VZ7260C5x00W|VZ7260F5x00W|VZ7656B1000W|VZ7656E1000W|VZ7656F1000W|VZ7656H1000W|VZ7656R1000W
0x0051,HeartbeatDelay,R,u16,,minute,0,,,name=Heartbeat Delay; type=NumericNoStale; models=0|1|10|11|12|17|2|21|23|24|25|26|28|30|4|41|42|43|44|45|46|47|48|49|50|51|52|53|54|55|56|6|60|61|80|81|82|83|84|85|86|87|9; modelNames=VRP5000W1000W|VT7200C5x00W|VT7200F5x00W|VT7300A5x00W|VT7300C5x00W|VT7300F5x00W|VT7300M5x00W|VT7301F5x00W|VT7305A5x00W|VT7305C5x00W|VT7305F5x00W|VT7350C5x00W|VT7350F5x00W|VT7355C5x00W|VT7355F5x00W|VT7600A5x00W|VT7600B5x00W|VT7600F5x00W|VT7600H5x00W|VT7600W5x00W|VT7605B5x00W|VT7606E5x00W|VT7607B5x00W|VT7652A5x00W|VT7652B5x00W|VT7652F5x00W|VT7652H5x00W|VT7652W5x00W|VT7656B5x00W|VT7656E5x00W|VT7657B5x00W|VTR7300A5x00W|VTR7305A5x00W|VTR7350A5x00W|VTR7355A5x00W|VZ7200F5x00W|VZ7260C5x00W|VZ7260F5x00W|VZ7656B1000W|VZ7656E1000W|VZ7656F1000W|VZ7656H1000W|VZ7656R1000W
0x1000,ReturnAirTemp,R,scaled-int,10,fahrenheit,-400,1220,,name=Return Air Temperature; models=80|82|84|86|87; modelNames=VZ7656B1000W|VZ7656E1000W|VZ7656F1000W|VZ7656H1000W|VZ7656R1000W
0x1000,RoomTemp,RW,scaled-int,10,fahrenheit,-400,1220,,name=Room Temperature; models=0|1|10|11|12|17|2|23|24|25|26|28|30|4|41|42|43|44|45|46|47|48|49|50|51|52|53|54|55|56|6|60|61|81|83|85|9; modelNames=VT7200C5x00W|VT7200F5x00W|VT7300A5x00W|VT7300C5x00W|VT7300F5x00W|VT7300M5x00W|VT7301F5x00W|VT7305A5x00W|VT7305C5x00W|VT7305F5x00W|VT7350C5x00W|VT7350F5x00W|VT7355C5x00W|VT7355F5x00W|VT7600A5x00W|VT7600B5x00W|VT7600F5x00W|VT7600H5x00W|VT7600W5x00W|VT7605B5x00W|VT7606E5x00W|VT7607B5x00W|VT7652A5x00W|VT7652B5x00W|VT7652F5x00W|VT7652H5x00W|VT7652W5x00W|VT7656B5x00W|VT7656E5x00W|VT7657B5x00W|VTR7300A5x00W|VTR7305A5x00W|VTR7350A5x00W|VTR7355A5x00W|VZ7200F5x00W|VZ7260C5x00W|VZ7260F5x00W
0x1001,OutdoorTemp,RW,scaled-int,10,fahrenheit,-400,1220,,name=Outdoor Temperature; models=0|1|10|11|12|17|2|23|24|25|26|28|30|4|41|42|43|44|45|46|47|48|49|50|51|52|53|54|55|56|6|60|61|81|83|85|9; modelNames=VT7200C5x00W|VT7200F5x00W|VT7300A5x00W|VT7300C5x00W|VT7300F5x00W|VT7300M5x00W|VT7301F5x00W|VT7305A5x00W|VT7305C5x00W|VT7305F5x00W|VT7350C5x00W|VT7350F5x00W|VT7355C5x00W|VT7355F5x00W|VT7600A5x00W|VT7600B5x00W|VT7600F5x00W|VT7600H5x00W|VT7600W5x00W|VT7605B5x00W|VT7606E5x00W|VT7607B5x00W|VT7652A5x00W|VT7652B5x00W|VT7652F5x00W|VT7652H5x00W|VT7652W5x00W|VT7656B5x00W|VT7656E5x00W|VT7657B5x00W|VTR7300A5x00W|VTR7305A5x00W|VTR7350A5x00W|VTR7355A5x00W|VZ7200F5x00W|VZ7260C5x00W|VZ7260F5x00W
0x1001,OutdoorTemp,RW,scaled-int,10,fahrenheit,-400,1500,,name=Outdoor Temperature; models=80|82|84|86|87; modelNames=VZ7656B1000W|VZ7656E1000W|VZ7656F1000W|VZ7656H1000W|VZ7656R1000W
0x1002,RoomHumidity,RW,scaled-int,10,percent relative humidity,50,900,,name=Room Humidity; models=43|45|47|49|53|55; modelNames=VT7350C5x00W|VT7350F5x00W|VT7355C5x00W|VT7355F5x00W|VTR7350A5x00W|VTR7355A5x00W
0x1002,RoomHumidity,RW,scaled-int,10,percent relative humidity,100,900,,name=Room Humidity; models=0|17|25|26; modelNames=VT7600W5x00W|VT7607B5x00W|VT7652W5x00W|VT7657B5x00W
0x1003,SupplyTemp,R,scaled-int,10,fahrenheit,-400,1220,,name=Supply Temperature; models=1|10|11|12|2|23|24|25|26|28|30|4|41|42|43|44|45|46|47|48|49|50|51|53|54|55|56|6|60|61|9; modelNames=VT7200C5x00W|VT7200F5x00W|VT7300A5x00W|VT7300C5x00W|VT7300F5x00W|VT7300M5x00W|VT7305A5x00W|VT7305C5x00W|VT7305F5x00W|VT7350C5x00W|VT7350F5x00W|VT7355C5x00W|VT7355F5x00W|VT7600A5x00W|VT7600B5x00W|VT7600F5x00W|VT7600H5x00W|VT7600W5x00W|VT7605B5x00W|VT7606E5x00W|VT7652A5x00W|VT7652B5x00W|VT7652F5x00W|VT7652H5x00W|VT7652W5x00W|VT7656B5x00W|VT7656E5x00W|VTR7300A5x00W|VTR7305A5x00W|VTR7350A5x00W|VTR7355A5x00W
0x1003,SupplyTemp,R,scaled-int,10,fahrenheit,-400,1500,,name=Supply Temperature; models=80|82|84|86|87; modelNames=VZ7656B1000W|VZ7656E1000W|VZ7656F1000W|VZ7656H1000W|VZ7656R1000W
0x1004,SupplyRH,R,scaled-int,10,percent relative humidity,0,1000,,name=Supply RH; models=0|17; modelNames=VT7607B5x00W|VT7657B5x00W
0x1005,OccCoolSetpoint,RW,scaled-int,10,fahrenheit,540,1000,,name=Occupied Cooling Setpoint; models=0|1|10|11|12|17|2|23|24|25|26|28|30|4|41|42|43|44|45|46|47|48|49|50|51|52|53|54|55|56|6|60|61|80|81|82|83|84|85|86|87|9; modelNames=VT7200C5x00W|VT7200F5x00W|VT7300A5x00W|VT7300C5x00W|VT7300F5x00W|VT7300M5x00W|VT7301F5x00W|VT7305A5x00W|VT7305C5x00W|VT7305F5x00W|VT7350C5x00W|VT7350F5x00W|VT7355C5x00W|VT7355F5x00W|VT7600A5x00W|VT7600B5x00W|VT7600F5x00W|VT7600H5x00W|VT7600W5x00W|VT7605B5x00W|VT7606E5x00W|VT7607B5x00W|VT7652A5x00W|VT7652B5x00W|VT7652F5x00W|VT7652H5x00W|VT7652W5x00W|VT7656B5x00W|VT7656E5x00W|VT7657B5x00W|VTR7300A5x00W|VTR7305A5x00W|VTR7350A5x00W|VTR7355A5x00W|VZ7200F5x00W|VZ7260C5x00W|VZ7260F5x00W|VZ7656B1000W|VZ7656E1000W|VZ7656F1000W|VZ7656H1000W|VZ7656R1000W
0x1006,OccHeatSetpoint,RW,scaled-int,10,fahrenheit,400,900,,name=Occupied Heating Setpoint; models=0|1|10|11|12|17|2|23|24|25|26|28|30|4|41|42|43|44|45|46|47|48|49|50|51|52|53|54|55|56|6|60|61|80|81|82|83|84|85|86|87|9; modelNames=VT7200C5x00W|VT7200F5x00W|VT7300A5x00W|VT7300C5x00W|VT7300F5x00W|VT7300M5x00W|VT7301F5x00W|VT7305A5x00W|VT7305C5x00W|VT7305F5x00W|VT7350C5x00W|VT7350F5x00W|VT7355C5x00W|VT7355F5x00W|VT7600A5x00W|VT7600B5x00W|VT7600F5x00W|VT7600H5x00W|VT7600W5x00W|VT7605B5x00W|VT7606E5x00W|VT7607B5x00W|VT7652A5x00W|VT7652B5x00W|VT7652F5x00W|VT7652H5x00W|VT7652W5x00W|VT7656B5x00W|VT7656E5x00W|VT7657B5x00W|VTR7300A5x00W|VTR7305A5x00W|VTR7350A5x00W|VTR7355A5x00W|VZ7200F5x00W|VZ7260C5x00W|VZ7260F5x00W|VZ7656B1000W|VZ7656E1000W|VZ7656F1000W|VZ7656H1000W|VZ7656R1000W
0x1007,StandbyCoolSetpoint,RW,scaled-int,10,fahrenheit,540,1000,,name=Standby Cooling Setpoint; models=41|42|43|44|45|46|47|48|49|50|51|52|53|54|55|56|60|61|81|83|85; modelNames=VT7200C5x00W|VT7200F5x00W|VT7300A5x00W|VT7300C5x00W|VT7300F5x00W|VT7300M5x00W|VT7301F5x00W|VT7305A5x00W|VT7305C5x00W|VT7305F5x00W|VT7350C5x00W|VT7350F5x00W|VT7355C5x00W|VT7355F5x00W|VTR7300A5x00W|VTR7305A5x00W|VTR7350A5x00W|VTR7355A5x00W|VZ7200F5x00W|VZ7260C5x00W|VZ7260F5x00W
0x1008,StandbyHeatSetpoint,RW,scaled-int,10,fahrenheit,400,900,,name=Standby Heating Setpoint; models=41|42|43|44|45|46|47|48|49|50|51|52|53|54|55|56|60|61|81|83|85; modelNames=VT7200C5x00W|VT7200F5x00W|VT7300A5x00W|VT7300C5x00W|VT7300F5x00W|VT7300M5x00W|VT7301F5x00W|VT7305A5x00W|VT7305C5x00W|VT7305F5x00W|VT7350C5x00W|VT7350F5x00W|VT7355C5x00W|VT7355F5x00W|VTR7300A5x00W|VTR7305A5x00W|VTR7350A5x00W|VTR7355A5x00W|VZ7200F5x00W|VZ7260C5x00W|VZ7260F5x00W
0x1009,UnoccCoolSetpoint,RW,scaled-int,10,fahrenheit,540,1000,,name=Unoccupied Cooling Setpoint; models=0|1|10|11|12|17|2|23|24|25|26|28|30|4|41|42|43|44|45|46|47|48|49|50|51|52|53|54|55|56|6|60|61|80|81|82|83|84|85|86|87|9; modelNames=VT7200C5x00W|VT7200F5x00W|VT7300A5x00W|VT7300C5x00W|VT7300F5x00W|VT7300M5x00W|VT7301F5x00W|VT7305A5x00W|VT7305C5x00W|VT7305F5x00W|VT7350C5x00W|VT7350F5x00W|VT7355C5x00W|VT7355F5x00W|VT7600A5x00W|VT7600B5x00W|VT7600F5x00W|VT7600H5x00W|VT7600W5x00W|VT7605B5x00W|VT7606E5x00W|VT7607B5x00W|VT7652A5x00W|VT7652B5x00W|VT7652F5x00W|VT7652H5x00W|VT7652W5x00W|VT7656B5x00W|VT7656E5x00W|VT7657B5x00W|VTR7300A5x00W|VTR7305A5x00W|VTR7350A5x00W|VTR7355A5x00W|VZ7200F5x00W|VZ7260C5x00W|VZ7260F5x00W|VZ7656B1000W|VZ7656E1000W|VZ7656F1000W|VZ7656H1000W|VZ7656R1000W
0x100A,UnoccHeatSetpoint,RW,scaled-int,10,fahrenheit,400,900,,name=Unoccupied Heating Setpoint; models=0|1|10|11|12|17|2|23|24|25|26|28|30|4|41|42|43|44|45|46|47|48|49|50|51|52|53|54|55|56|6|60|61|80|81|82|83|84|85|86|87|9; modelNames=VT7200C5x00W|VT7200F5x00W|VT7300A5x00W|VT7300C5x00W|VT7300F5x00W|VT7300M5x00W|VT7301F5x00W|VT7305A5x00W|VT7305C5x00W|VT7305F5x00W|VT7350C5x00W|VT7350F5x00W|VT7355C5x00W|VT7355F5x00W|VT7600A5x00W|VT7600B5x00W|VT7600F5x00W|VT7600H5x00W|VT7600W5x00W|VT7605B5x00W|VT7606E5x00W|VT7607B5x00W|VT7652A5x00W|VT7652B5x00W|VT7652F5x00W|VT7652H5x00W|VT7652W5x00W|VT7656B5x00W|VT7656E5x00W|VT7657B5x00W|VTR7300A5x00W|VTR7305A5x00W|VTR7350A5x00W|VTR7355A5x00W|VZ7200F5x00W|VZ7260C5x00W|VZ7260F5x00W|VZ7656B1000W|VZ7656E1000W|VZ7656F1000W|VZ7656H1000W|VZ7656R1000W
0x100B,DehumRHSetpoint,RW,scaled-int,10,percent relative humidity,300,950,,name=Dehumidification RH Setpoint; models=43|45|47|49|53|55; modelNames=VT7350C5x00W|VT7350F5x00W|VT7355C5x00W|VT7355F5x00W|VTR7350A5x00W|VTR7355A5x00W
0x100B,DehumRHSetpoint,RW,scaled-int,10,percent relative humidity,150,950,,name=Dehumidification RH Setpoint; models=0|17; modelNames=VT7607B5x00W|VT7657B5x00W
0x100C,HumidRHSetpoint,RW,scaled-int,10,percent relative humidity,100,900,,name=Humidification RH Setpoint; models=0|17; modelNames=VT7607B5x00W|VT7657B5x00W
0x100D,EffectHumidRHSetpoint,R,scaled-int,10,percent relative humidity,0,1000,,name=Effective Humidification RH Setpoint; models=0|17; modelNames=VT7607B5x00W|VT7657B5x00W
0x100E,HumidHighLimitSetpoint,RW,scaled-int,10,percent relative humidity,500,900,,name=Humidification High Limit Setpoint; models=0|17; modelNames=VT7607B5x00W|VT7657B5x00W
0x100F,OccCommand,RW,enum,1,,,,OccupancyCommandEnum,offset=1; name=Occupancy Command; models=0|1|10|11|12|17|2|23|24|25|26|28|30|4|41|42|43|44|45|46|47|48|49|50|51|52|53|54|55|56|6|60|61|80|81|82|83|84|85|86|87|9; modelNames=VT7200C5x00W|VT7200F5x00W|VT7300A5x00W|VT7300C5x00W|VT7300F5x00W|VT7300M5x00W|VT7301F5x00W|VT7305A5x00W|VT7305C5x00W|VT7305F5x00W|VT7350C5x00W|VT7350F5x00W|VT7355C5x00W|VT7355F5x00W|VT7600A5x00W|VT7600B5x00W|VT7600F5x00W|VT7600H5x00W|VT7600W5x00W|VT7605B5x00W|VT7606E5x00W|VT7607B5x00W|VT7652A5x00W|VT7652B5x00W|VT7652F5x00W|VT7652H5x00W|VT7652W5x00W|VT7656B5x00W|VT7656E5x00W|VT7657B5x00W|VTR7300A5x00W|VTR7305A5x00W|VTR7350A5x00W|VTR7355A5x00W|VZ7200F5x00W|VZ7260C5x00W|VZ7260F5x00W|VZ7656B1000W|VZ7656E1000W|VZ7656F1000W|VZ7656H1000W|VZ7656R1000W
0x1010,SequenceOperation,RW,enum,1,,,,SequenceOfOperationEnum,offset=1; name=Sequence Of Operation; models=41|42|43|44|45|46|47|48|49|50|60|61; modelNames=VT7200C5x00W|VT7200F5x00W|VT7300A5x00W|VT7300C5x00W|VT7300F5x00W|VT7305A5x00W|VT7305C5x00W|VT7305F5x00W|VT7350C5x00W|VT7350F5x00W|VT7355C5x00W|VT7355F5x00W
0x1010,SequenceOperation,RW,enum,1,,,,SequenceOfOperationK12Enum,offset=1; name=Sequence Of Operation; models=51; modelNames=VT7300M5x00W
0x1010,SequenceOperation,RW,enum,1,,,,SequenceOfOperationPFcuEnum,offset=1; name=Sequence Of Operation; models=53|54|55|56; modelNames=VTR7300A5x00W|VTR7305A5x00W|VTR7350A5x00W|VTR7355A5x00W
0x1011,SystemMode,RW,enum,1,,,,SystemModeRtuEnum,offset=1; name=System Mode; models=41|42|43|44|45|46|47|48|49|50|51|52|53|54|55|56|60|61; modelNames=VT7200C5x00W|VT7200F5x00W|VT7300A5x00W|VT7300C5x00W|VT7300F5x00W|VT7300M5x00W|VT7301F5x00W|VT7305A5x00W|VT7305C5x00W|VT7305F5x00W|VT7350C5x00W|VT7350F5x00W|VT7355C5x00W|VT7355F5x00W|VTR7300A5x00W|VTR7305A5x00W|VTR7350A5x00W|VTR7355A5x00W
0x1012,SystemModeRTU,RW,enum,1,,,,SystemModeRtuEnum,offset=1; name=System Mode RTU; models=0|1|10|11|17|2|23|24|25|26|28|30|6|9; modelNames=VT7600A5x00W|VT7600B5x00W|VT7600F5x00W|VT7600W5x00W|VT7605B5x00W|VT7606E5x00W|VT7607B5x00W|VT7652A5x00W|VT7652B5x00W|VT7652F5x00W|VT7652W5x00W|VT7656B5x00W|VT7656E5x00W|VT7657B5x00W
0x1013,SystemModeHPU,RW,enum,1,,,,SystemModeHpEnum,offset=1; name=System Mode HPU; models=12|4; modelNames=VT7600H5x00W|VT7652H5x00W
0x1014,FanMode,RW,enum,1,,,,FanModeFcuEnum,offset=1; name=Fan Mode; models=41|42|43|44|45|46|47|48|49|50|53|54|55|56; modelNames=VT7300A5x00W|VT7300C5x00W|VT7300F5x00W|VT7305A5x00W|VT7305C5x00W|VT7305F5x00W|VT7350C5x00W|VT7350F5x00W|VT7355C5x00W|VT7355F5x00W|VTR7300A5x00W|VTR7305A5x00W|VTR7350A5x00W|VTR7355A5x00W
0x1014,FanMode,RW,enum,1,,,,FanModeRtuHpEnum,offset=1; name=Fan Mode; models=0|1|10|11|12|17|2|23|24|25|26|28|30|4|6|9; modelNames=VT7600A5x00W|VT7600B5x00W|VT7600F5x00W|VT7600H5x00W|VT7600W5x00W|VT7605B5x00W|VT7606E5x00W|VT7607B5x00W|VT7652A5x00W|VT7652B5x00W|VT7652F5x00W|VT7652H5x00W|VT7652W5x00W|VT7656B5x00W|VT7656E5x00W|VT7657B5x00W
0x1014,FanMode,RW,enum,1,,,,FanModeK12Enum,offset=-2; name=Fan Mode; models=51; modelNames=VT7300M5x00W
0x1015,KeypadLockout,RW,enum,1,,,,KeypadLookoutFcuEnum,offset=1; name=Keypad Lockout; models=41|42|43|44|45|46|47|48|49|50|51|52|53|54|55|56|60|61; modelNames=VT7200C5x00W|VT7200F5x00W|VT7300A5x00W|VT7300C5x00W|VT7300F5x00W|VT7300M5x00W|VT7301F5x00W|VT7305A5x00W|VT7305C5x00W|VT7305F5x00W|VT7350C5x00W|VT7350F5x00W|VT7355C5x00W|VT7355F5x00W|VTR7300A5x00W|VTR7305A5x00W|VTR7350A5x00W|VTR7355A5x00W
0x1015,KeypadLockout,RW,enum,1,,,,KeypadLookoutRtuHpEnum,offset=1; name=Keypad Lockout; models=0|1|10|11|12|17|2|23|24|25|26|28|30|4|6|80|82|84|86|87|9; modelNames=VT7600A5x00W|VT7600B5x00W|VT7600F5x00W|VT7600H5x00W|VT7600W5x00W|VT7605B5x00W|VT7606E5x00W|VT7607B5x00W|VT7652A5x00W|VT7652B5x00W|VT7652F5x00W|VT7652H5x00W|VT7652W5x00W|VT7656B5x00W|VT7656E5x00W|VT7657B5x00W|VZ7656B1000W|VZ7656E1000W|VZ7656F1000W|VZ7656H1000W|VZ7656R1000W
0x1015,KeypadLockout,RW,enum,1,,,,KeypadLookoutFcuZoningEnum,offset=1; name=Keypad Lockout; models=81|83|85; modelNames=VZ7200F5x00W|VZ7260C5x00W|VZ7260F5x00W
0x1016,DehumLockout,RW,bool,1,,,,,offset=1; name=Dehumidification Lockout; models=43|45|47|49|53|55; modelNames=VT7350C5x00W|VT7350F5x00W|VT7355C5x00W|VT7355F5x00W|VTR7350A5x00W|VTR7355A5x00W
0x1017,AuxCommand,RW,bool,1,,,,,offset=1; name=Aux Command; models=41|42|43|44|45|46|47|48|49|50|51|60|61; modelNames=VT7200C5x00W|VT7200F5x00W|VT7300A5x00W|VT7300C5x00W|VT7300F5x00W|VT7300M5x00W|VT7305A5x00W|VT7305C5x00W|VT7305F5x00W|VT7350C5x00W|VT7350F5x00W|VT7355C5x00W|VT7355F5x00W
0x1018,Password,RW,u16,,,0,1000,,models=0|1|10|11|12|17|2|23|24|25|26|28|30|4|41|42|43|44|45|46|47|48|49|50|51|52|53|54|55|56|6|60|61|82|83|84|85|86|87|9; modelNames=VT7200C5x00W|VT7200F5x00W|VT7300A5x00W|VT7300C5x00W|VT7300F5x00W|VT7300M5x00W|VT7301F5x00W|VT7305A5x00W|VT7305C5x00W|VT7305F5x00W|VT7350C5x00W|VT7350F5x00W|VT7355C5x00W|VT7355F5x00W|VT7600A5x00W|VT7600B5x00W|VT7600F5x00W|VT7600H5x00W|VT7600W5x00W|VT7605B5x00W|VT7606E5x00W|VT7607B5x00W|VT7652A5x00W|VT7652B5x00W|VT7652F5x00W|VT7652H5x00W|VT7652W5x00W|VT7656B5x00W|VT7656E5x00W|VT7657B5x00W|VTR7300A5x00W|VTR7305A5x00W|VTR7350A5x00W|VTR7355A5x00W|VZ7260C5x00W|VZ7260F5x00W|VZ7656E1000W|VZ7656F1000W|VZ7656H1000W|VZ7656R1000W
0x1019,PIHeatDemand,R,u16,,percent,0,100,,name=PI Heating Demand; models=0|1|10|11|12|17|2|23|24|25|26|28|30|4|41|42|43|44|45|46|47|48|49|50|51|52|53|54|55|56|6|60|61|80|82|84|86|87|9; modelNames=VT7200C5x00W|VT7200F5x00W|VT7300A5x00W|VT7300C5x00W|VT7300F5x00W|VT7300M5x00W|VT7301F5x00W|VT7305A5x00W|VT7305C5x00W|VT7305F5x00W|VT7350C5x00W|VT7350F5x00W|VT7355C5x00W|VT7355F5x00W|VT7600A5x00W|VT7600B5x00W|VT7600F5x00W|VT7600H5x00W|VT7600W5x00W|VT7605B5x00W|VT7606E5x00W|VT7607B5x00W|VT7652A5x00W|VT7652B5x00W|VT7652F5x00W|VT7652H5x00W|VT7652W5x00W|VT7656B5x00W|VT7656E5x00W|VT7657B5x00W|VTR7300A5x00W|VTR7305A5x00W|VTR7350A5x00W|VTR7355A5x00W|VZ7656B1000W|VZ7656E1000W|VZ7656F1000W|VZ7656H1000W|VZ7656R1000W
0x1019,WeightedPIHeatDemand,R,u16,,percent,0,100,,name=Weighted PI Heating Demand; models=81|83|85; modelNames=VZ7200F5x00W|VZ7260C5x00W|VZ7260F5x00W
0x101A,PICoolDemand,R,u16,,percent,0,100,,name=PI Cooling Demand; models=0|1|10|11|12|17|2|23|24|25|26|28|30|4|41|42|43|44|45|46|47|48|49|50|51|52|53|54|55|56|6|60|61|80|82|84|86|87|9; modelNames=VT7200C5x00W|VT7200F5x00W|VT7300A5x00W|VT7300C5x00W|VT7300F5x00W|VT7300M5x00W|VT7301F5x00W|VT7305A5x00W|VT7305C5x00W|VT7305F5x00W|VT7350C5x00W|VT7350F5x00W|VT7355C5x00W|VT7355F5x00W|VT7600A5x00W|VT7600B5x00W|VT7600F5x00W|VT7600H5x00W|VT7600W5x00W|VT7605B5x00W|VT7606E5x00W|VT7607B5x00W|VT7652A5x00W|VT7652B5x00W|VT7652F5x00W|VT7652H5x00W|VT7652W5x00W|VT7656B5x00W|VT7656E5x00W|VT7657B5x00W|VTR7300A5x00W|VTR7305A5x00W|VTR7350A5x00W|VTR7355A5x00W|VZ7656B1000W|VZ7656E1000W|VZ7656F1000W|VZ7656H1000W|VZ7656R1000W
0x101A,WeightedPICoolDemand,R,u16,,percent,0,100,,name=Weighted PI Cooling Demand; models=81|83|85; modelNames=VZ7200F5x00W|VZ7260C5x00W|VZ7260F5x00W
0x101B,EffectiveOcc,R,enum,1,,,,EffectiveOccupancyEnum,offset=1; name=Effective Occupancy; models=0|1|10|11|12|17|2|23|24|25|26|28|30|4|41|42|43|44|45|46|47|48|49|50|51|52|53|54|55|56|6|60|61|80|81|82|83|84|85|86|87|9; modelNames=VT7200C5x00W|VT7200F5x00W|VT7300A5x00W|VT7300C5x00W|VT7300F5x00W|VT7300M5x00W|VT7301F5x00W|VT7305A5x00W|VT7305C5x00W|VT7305F5x00W|VT7350C5x00W|VT7350F5x00W|VT7355C5x00W|VT7355F5x00W|VT7600A5x00W|VT7600B5x00W|VT7600F5x00W|VT7600H5x00W|VT7600W5x00W|VT7605B5x00W|VT7606E5x00W|VT7607B5x00W|VT7652A5x00W|VT7652B5x00W|VT7652F5x00W|VT7652H5x00W|VT7652W5x00W|VT7656B5x00W|VT7656E5x00W|VT7657B5x00W|VTR7300A5x00W|VTR7305A5x00W|VTR7350A5x00W|VTR7355A5x00W|VZ7200F5x00W|VZ7260C5x00W|VZ7260F5x00W|VZ7656B1000W|VZ7656E1000W|VZ7656F1000W|VZ7656H1000W|VZ7656R1000W
0x101C,HumidifierOutput,R,u16,,percent,0,100,,name=Humidifier Output; models=0|17; modelNames=VT7607B5x00W|VT7657B5x00W
0x101D,DehumStatus,R,bool,,,,,,name=Dehumidification Status; models=0|17|43|45|47|49|53|55; modelNames=VT7350C5x00W|VT7350F5x00W|VT7355C5x00W|VT7355F5x00W|VT7607B5x00W|VT7657B5x00W|VTR7350A5x00W|VTR7355A5x00W
0x101E,EconoOutput,R,u16,,percent,0,100,,name=Economizer Output; models=1|87|9; modelNames=VT7605B5x00W|VT7656B5x00W|VZ7656E1000W
0x101F,FanStatus,R,enum,1,,,,FanStatusEnum,offset=1; name=Fan Status; models=41|42|43|44|45|46|47|48|49|50|51|53|54|55|56; modelNames=VT7300A5x00W|VT7300C5x00W|VT7300F5x00W|VT7300M5x00W|VT7305A5x00W|VT7305C5x00W|VT7305F5x00W|VT7350C5x00W|VT7350F5x00W|VT7355C5x00W|VT7355F5x00W|VTR7300A5x00W|VTR7305A5x00W|VTR7350A5x00W|VTR7355A5x00W
0x101F,FanStatus,R,enum,1,,,,FanStatusFSEnum,offset=1; name=Fan Status; models=52; modelNames=VT7301F5x00W
0x1020,GFanStatus,R,bool,,,,,,name=G Fan Status; models=0|1|10|11|12|17|2|23|24|25|26|28|30|4|6|80|82|84|86|87|9; modelNames=VT7600A5x00W|VT7600B5x00W|VT7600F5x00W|VT7600H5x00W|VT7600W5x00W|VT7605B5x00W|VT7606E5x00W|VT7607B5x00W|VT7652A5x00W|VT7652B5x00W|VT7652F5x00W|VT7652H5x00W|VT7652W5x00W|VT7656B5x00W|VT7656E5x00W|VT7657B5x00W|VZ7656B1000W|VZ7656E1000W|VZ7656F1000W|VZ7656H1000W|VZ7656R1000W
0x1021,W2Status,R,bool,,,,,,name=W2 Status; models=0|1|10|17|23|24|6|80|84|87|9; modelNames=VT7600B5x00W|VT7605B5x00W|VT7606E5x00W|VT7607B5x00W|VT7652B5x00W|VT7656B5x00W|VT7656E5x00W|VT7657B5x00W|VZ7656B1000W|VZ7656E1000W|VZ7656R1000W
0x1022,W1Status,R,bool,,,,,,name=W1 Status; models=0|1|10|11|12|17|2|23|24|4|6|80|82|84|87|9; modelNames=VT7600A5x00W|VT7600B5x00W|VT7600H5x00W|VT7605B5x00W|VT7606E5x00W|VT7607B5x00W|VT7652A5x00W|VT7652B5x00W|VT7652H5x00W|VT7656B5x00W|VT7656E5x00W|VT7657B5x00W|VZ7656B1000W|VZ7656E1000W|VZ7656H1000W|VZ7656R1000W
0x1023,Y1Status,R,bool,,,,,,name=Y1 Status; models=0|1|10|11|12|17|2|23|24|25|26|28|30|4|6|80|82|84|86|87|9; modelNames=VT7600A5x00W|VT7600B5x00W|VT7600F5x00W|VT7600H5x00W|VT7600W5x00W|VT7605B5x00W|VT7606E5x00W|VT7607B5x00W|VT7652A5x00W|VT7652B5x00W|VT7652F5x00W|VT7652H5x00W|VT7652W5x00W|VT7656B5x00W|VT7656E5x00W|VT7657B5x00W|VZ7656B1000W|VZ7656E1000W|VZ7656F1000W|VZ7656H1000W|VZ7656R1000W
0x1024,Y2Status,R,bool,,,,,,name=Y2 Status; models=0|1|10|12|17|23|24|25|26|28|30|4|6|80|82|84|86|87|9; modelNames=VT7600B5x00W|VT7600F5x00W|VT7600H5x00W|VT7600W5x00W|VT7605B5x00W|VT7606E5x00W|VT7607B5x00W|VT7652B5x00W|VT7652F5x00W|VT7652H5x00W|VT7652W5x00W|VT7656B5x00W|VT7656E5x00W|VT7657B5x00W|VZ7656B1000W|VZ7656E1000W|VZ7656F1000W|VZ7656H1000W|VZ7656R1000W
0x1025,ReversingValveStatus,R,bool,,,,,,name=Reversing Valve Status; models=12|25|26|4|82; modelNames=VT7600H5x00W|VT7600W5x00W|VT7652H5x00W|VT7652W5x00W|VZ7656H1000W
0x1026,AuxStatus,R,bool,,,,,,name=Aux Status; models=0|1|10|11|12|17|2|25|26|28|30|4|41|42|43|44|45|46|47|48|49|50|51|52|6|60|61|80|82|84|86|9; modelNames=VT7200C5x00W|VT7200F5x00W|VT7300A5x00W|VT7300C5x00W|VT7300F5x00W|VT7300M5x00W|VT7301F5x00W|VT7305A5x00W|VT7305C5x00W|VT7305F5x00W|VT7350C5x00W|VT7350F5x00W|VT7355C5x00W|VT7355F5x00W|VT7600A5x00W|VT7600B5x00W|VT7600F5x00W|VT7600H5x00W|VT7600W5x00W|VT7605B5x00W|VT7607B5x00W|VT7652A5x00W|VT7652B5x00W|VT7652F5x00W|VT7652H5x00W|VT7652W5x00W|VT7656B5x00W|VT7657B5x00W|VZ7656B1000W|VZ7656F1000W|VZ7656H1000W|VZ7656R1000W
0x1027,BI1Status,R,bool,,,,,,name=BI1 Status; models=80|82|84|86; modelNames=VZ7656B1000W|VZ7656F1000W|VZ7656H1000W|VZ7656R1000W
0x1027,DI1Status,R,bool,,,,,,name=DI1 Status; models=1|10|11|12|2|25|26|28|30|4|6|9; modelNames=VT7600A5x00W|VT7600B5x00W|VT7600F5x00W|VT7600H5x00W|VT7600W5x00W|VT7605B5x00W|VT7652A5x00W|VT7652B5x00W|VT7652F5x00W|VT7652H5x00W|VT7652W5x00W|VT7656B5x00W
0x1027,DIStatus,R,bool,,,,,,name=DI Status; models=0|17; modelNames=VT7607B5x00W|VT7657B5x00W
0x1028,DI2Status,R,bool,,,,,,name=DI2 Status; models=1|10|11|12|2|25|26|28|30|4|6|9; modelNames=VT7600A5x00W|VT7600B5x00W|VT7600F5x00W|VT7600H5x00W|VT7600W5x00W|VT7605B5x00W|VT7652A5x00W|VT7652B5x00W|VT7652F5x00W|VT7652H5x00W|VT7652W5x00W|VT7656B5x00W
0x1029,BI1Status,R,bool,,,,,,name=BI1 Status; models=41|42|43|44|45|46|47|48|49|50|51|52|53|54|55|56|60|61|81|83|85; modelNames=VT7200C5x00W|VT7200F5x00W|VT7300A5x00W|VT7300C5x00W|VT7300F5x00W|VT7300M5x00W|VT7301F5x00W|VT7305A5x00W|VT7305C5x00W|VT7305F5x00W|VT7350C5x00W|VT7350F5x00W|VT7355C5x00W|VT7355F5x00W|VTR7300A5x00W|VTR7305A5x00W|VTR7350A5x00W|VTR7355A5x00W|VZ7200F5x00W|VZ7260C5x00W|VZ7260F5x00W
0x102A,BI2Status,R,bool,,,,,,name=BI2 Status; models=41|42|43|44|45|46|47|48|49|50|51|52|53|54|55|56|60|61; modelNames=VT7200C5x00W|VT7200F5x00W|VT7300A5x00W|VT7300C5x00W|VT7300F5x00W|VT7300M5x00W|VT7301F5x00W|VT7305A5x00W|VT7305C5x00W|VT7305F5x00W|VT7350C5x00W|VT7350F5x00W|VT7355C5x00W|VT7355F5x00W|VTR7300A5x00W|VTR7305A5x00W|VTR7350A5x00W|VTR7355A5x00W
0x102B,UI3Status,R,bool,,,,,,name=UI3 Status; models=41|42|43|44|45|46|47|48|49|50|51|60|61|81|83|85; modelNames=VT7200C5x00W|VT7200F5x00W|VT7300A5x00W|VT7300C5x00W|VT7300F5x00W|VT7300M5x00W|VT7305A5x00W|VT7305C5x00W|VT7305F5x00W|VT7350C5x00W|VT7350F5x00W|VT7355C5x00W|VT7355F5x00W|VZ7200F5x00W|VZ7260C5x00W|VZ7260F5x00W
0x102C,PIRMotionStatus,R,bool,,,,,,name=PIR Motion Status; models=0|1|10|11|12|17|2|23|24|25|26|28|30|4|41|42|43|44|45|46|47|48|49|50|51|52|53|54|55|56|6|60|61|9; modelNames=VT7200C5x00W|VT7200F5x00W|VT7300A5x00W|VT7300C5x00W|VT7300F5x00W|VT7300M5x00W|VT7301F5x00W|VT7305A5x00W|VT7305C5x00W|VT7305F5x00W|VT7350C5x00W|VT7350F5x00W|VT7355C5x00W|VT7355F5x00W|VT7600A5x00W|VT7600B5x00W|VT7600F5x00W|VT7600H5x00W|VT7600W5x00W|VT7605B5x00W|VT7606E5x00W|VT7607B5x00W|VT7652A5x00W|VT7652B5x00W|VT7652F5x00W|VT7652H5x00W|VT7652W5x00W|VT7656B5x00W|VT7656E5x00W|VT7657B5x00W|VTR7300A5x00W|VTR7305A5x00W|VTR7350A5x00W|VTR7355A5x00W
0x102D,FrostAlarm,R,bool,,,,,,name=Frost Alarm; models=0|1|10|11|12|17|2|23|24|25|26|28|30|4|6|9; modelNames=VT7600A5x00W|VT7600B5x00W|VT7600F5x00W|VT7600H5x00W|VT7600W5x00W|VT7605B5x00W|VT7606E5x00W|VT7607B5x00W|VT7652A5x00W|VT7652B5x00W|VT7652F5x00W|VT7652H5x00W|VT7652W5x00W|VT7656B5x00W|VT7656E5x00W|VT7657B5x00W
0x102E,SetClockAlarm,R,bool,,,,,,name=Set Clock Alarm; models=0|1|2|23|26|28|4|6|80|82|84|86|87; modelNames=VT7652A5x00W|VT7652B5x00W|VT7652F5x00W|VT7652H5x00W|VT7652W5x00W|VT7656B5x00W|VT7656E5x00W|VT7657B5x00W|VZ7656B1000W|VZ7656E1000W|VZ7656F1000W|VZ7656H1000W|VZ7656R1000W
0x102F,ServiceAlarm,R,bool,,,,,,name=Service Alarm; models=0|1|10|11|12|17|2|25|26|28|30|4|41|42|43|44|45|46|47|48|49|50|51|52|53|54|55|56|6|60|61|80|82|84|86|87|9; modelNames=VT7200C5x00W|VT7200F5x00W|VT7300A5x00W|VT7300C5x00W|VT7300F5x00W|VT7300M5x00W|VT7301F5x00W|VT7305A5x00W|VT7305C5x00W|VT7305F5x00W|VT7350C5x00W|VT7350F5x00W|VT7355C5x00W|VT7355F5x00W|VT7600A5x00W|VT7600B5x00W|VT7600F5x00W|VT7600H5x00W|VT7600W5x00W|VT7605B5x00W|VT7607B5x00W|VT7652A5x00W|VT7652B5x00W|VT7652F5x00W|VT7652H5x00W|VT7652W5x00W|VT7656B5x00W|VT7657B5x00W|VTR7300A5x00W|VTR7305A5x00W|VTR7350A5x00W|VTR7355A5x00W|VZ7656B1000W|VZ7656E1000W|VZ7656F1000W|VZ7656H1000W|VZ7656R1000W
0x1030,FilterAlarm,R,bool,,,,,,name=Filter Alarm; models=0|1|10|11|12|17|2|25|26|28|30|4|41|42|43|44|45|46|47|48|49|50|51|52|53|54|55|56|6|60|61|80|82|84|86|87|9; modelNames=VT7200C5x00W|VT7200F5x00W|VT7300A5x00W|VT7300C5x00W|VT7300F5x00W|VT7300M5x00W|VT7301F5x00W|VT7305A5x00W|VT7305C5x00W|VT7305F5x00W|VT7350C5x00W|VT7350F5x00W|VT7355C5x00W|VT7355F5x00W|VT7600A5x00W|VT7600B5x00W|VT7600F5x00W|VT7600H5x00W|VT7600W5x00W|VT7605B5x00W|VT7607B5x00W|VT7652A5x00W|VT7652B5x00W|VT7652F5x00W|VT7652H5x00W|VT7652W5x00W|VT7656B5x00W|VT7657B5x00W|VTR7300A5x00W|VTR7305A5x00W|VTR7350A5x00W|VTR7355A5x00W|VZ7656B1000W|VZ7656E1000W|VZ7656F1000W|VZ7656H1000W|VZ7656R1000W
0x1031,FanLockAlarm,R,bool,,,,,,name=Fan Lock Alarm; models=0|1|10|11|12|17|2|25|26|28|30|4|6|9; modelNames=VT7600A5x00W|VT7600B5x00W|VT7600F5x00W|VT7600H5x00W|VT7600W5x00W|VT7605B5x00W|VT7607B5x00W|VT7652A5x00W|VT7652B5x00W|VT7652F5x00W|VT7652H5x00W|VT7652W5x00W|VT7656B5x00W|VT7657B5x00W
0x1032,WindowAlarm,R,bool,,,,,,name=Window Alarm; models=41|42|43|44|45|46|47|48|49|50|51|52|53|54|55|56|60|61; modelNames=VT7200C5x00W|VT7200F5x00W|VT7300A5x00W|VT7300C5x00W|VT7300F5x00W|VT7300M5x00W|VT7301F5x00W|VT7305A5x00W|VT7305C5x00W|VT7305F5x00W|VT7350C5x00W|VT7350F5x00W|VT7355C5x00W|VT7355F5x00W|VTR7300A5x00W|VTR7305A5x00W|VTR7350A5x00W|VTR7355A5x00W
0x1033,TStatModelNumber,R,u16,,,,,,name=Thermostat Model Number; models=0|1|10|11|12|17|2|21|23|24|25|26|28|30|4|41|42|43|44|45|46|47|48|49|50|51|52|53|54|55|56|6|60|61|80|81|82|83|84|85|86|87|9; modelNames=VRP5000W1000W|VT7200C5x00W|VT7200F5x00W|VT7300A5x00W|VT7300C5x00W|VT7300F5x00W|VT7300M5x00W|VT7301F5x00W|VT7305A5x00W|VT7305C5x00W|VT7305F5x00W|VT7350C5x00W|VT7350F5x00W|VT7355C5x00W|VT7355F5x00W|VT7600A5x00W|VT7600B5x00W|VT7600F5x00W|VT7600H5x00W|VT7600W5x00W|VT7605B5x00W|VT7606E5x00W|VT7607B5x00W|VT7652A5x00W|VT7652B5x00W|VT7652F5x00W|VT7652H5x00W|VT7652W5x00W|VT7656B5x00W|VT7656E5x00W|VT7657B5x00W|VTR7300A5x00W|VTR7305A5x00W|VTR7350A5x00W|VTR7355A5x00W|VZ7200F5x00W|VZ7260C5x00W|VZ7260F5x00W|VZ7656B1000W|VZ7656E1000W|VZ7656F1000W|VZ7656H1000W|VZ7656R1000W
0x1034,ModuleFirmwareVersion,R,u16,,,,,,name=Module Firmware Version Number; models=0|1|10|11|12|17|2|21|23|24|25|26|28|30|4|41|42|43|44|45|46|47|48|49|50|51|52|53|54|55|56|6|60|61|80|81|82|83|84|85|86|87|9; modelNames=VRP5000W1000W|VT7200C5x00W|VT7200F5x00W|VT7300A5x00W|VT7300C5x00W|VT7300F5x00W|VT7300M5x00W|VT7301F5x00W|VT7305A5x00W|VT7305C5x00W|VT7305F5x00W|VT7350C5x00W|VT7350F5x00W|VT7355C5x00W|VT7355F5x00W|VT7600A5x00W|VT7600B5x00W|VT7600F5x00W|VT7600H5x00W|VT7600W5x00W|VT7605B5x00W|VT7606E5x00W|VT7607B5x00W|VT7652A5x00W|VT7652B5x00W|VT7652F5x00W|VT7652H5x00W|VT7652W5x00W|VT7656B5x00W|VT7656E5x00W|VT7657B5x00W|VTR7300A5x00W|VTR7305A5x00W|VTR7350A5x00W|VTR7355A5x00W|VZ7200F5x00W|VZ7260C5x00W|VZ7260F5x00W|VZ7656B1000W|VZ7656E1000W|VZ7656F1000W|VZ7656H1000W|VZ7656R1000W
0x1035,TStatFirmwareVersion,R,u16,,,,,,name=Thermostat Firmware Version Number; models=0|1|10|11|12|17|2|21|23|24|25|26|28|30|4|41|42|43|44|45|46|47|48|49|50|51|52|53|54|55|56|6|60|61|80|81|82|83|84|85|86|87|9; modelNames=VRP5000W1000W|VT7200C5x00W|VT7200F5x00W|VT7300A5x00W|VT7300C5x00W|VT7300F5x00W|VT7300M5x00W|VT7301F5x00W|VT7305A5x00W|VT7305C5x00W|VT7305F5x00W|VT7350C5x00W|VT7350F5x00W|VT7355C5x00W|VT7355F5x00W|VT7600A5x00W|VT7600B5x00W|VT7600F5x00W|VT7600H5x00W|VT7600W5x00W|VT7605B5x00W|VT7606E5x00W|VT7607B5x00W|VT7652A5x00W|VT7652B5x00W|VT7652F5x00W|VT7652H5x00W|VT7652W5x00W|VT7656B5x00W|VT7656E5x00W|VT7657B5x00W|VTR7300A5x00W|VTR7305A5x00W|VTR7350A5x00W|VTR7355A5x00W|VZ7200F5x00W|VZ7260C5x00W|VZ7260F5x00W|VZ7656B1000W|VZ7656E1000W|VZ7656F1000W|VZ7656H1000W|VZ7656R1000W
0x1036,StaticPressure,R,scaled-int,2500,inches of water,0,12500,,name=Static Pressure; models=80|82|84|86|87; modelNames=VZ7656B1000W|VZ7656E1000W|VZ7656F1000W|VZ7656H1000W|VZ7656R1000W
0x1037,ByPassDamper,R,u16,,percent,0,100,,name=ByPass Damper Position; models=80; modelNames=VZ7656B1000W
0x1037,ByPassDamperVsd,R,u16,,percent,0,100,,name=ByPass Damper Position Or VFD; models=82|84|86|87; modelNames=VZ7656E1000W|VZ7656F1000W|VZ7656H1000W|VZ7656R1000W
0x1038,HeatingLockoutTemp,RW,scaled-int,10,fahrenheit,-150,1200,,name=Heating Lockout Temperature; models=0|1|10|11|12|17|2|23|24|25|26|28|30|4|6|80|82|84|86|87|9; modelNames=VT7600A5x00W|VT7600B5x00W|VT7600F5x00W|VT7600H5x00W|VT7600W5x00W|VT7605B5x00W|VT7606E5x00W|VT7607B5x00W|VT7652A5x00W|VT7652B5x00W|VT7652F5x00W|VT7652H5x00W|VT7652W5x00W|VT7656B5x00W|VT7656E5x00W|VT7657B5x00W|VZ7656B1000W|VZ7656E1000W|VZ7656F1000W|VZ7656H1000W|VZ7656R1000W
0x1039,CoolingLockoutTemp,RW,scaled-int,10,fahrenheit,-400,950,,name=Cooling Lockout Temperature; models=0|1|10|11|12|17|2|23|24|25|26|28|30|4|6|80|82|84|86|87|9; modelNames=VT7600A5x00W|VT7600B5x00W|VT7600F5x00W|VT7600H5x00W|VT7600W5x00W|VT7605B5x00W|VT7606E5x00W|VT7607B5x00W|VT7652A5x00W|VT7652B5x00W|VT7652F5x00W|VT7652H5x00W|VT7652W5x00W|VT7656B5x00W|VT7656E5x00W|VT7657B5x00W|VZ7656B1000W|VZ7656E1000W|VZ7656F1000W|VZ7656H1000W|VZ7656R1000W
0x103A,StaticPressureSetpoint,RW,scaled-int,2500,inches of water,0,5000,,name=Static Pressure Setpoint; models=80|82|84|86|87; modelNames=VZ7656B1000W|VZ7656E1000W|VZ7656F1000W|VZ7656H1000W|VZ7656R1000W
0x103B,DischargeHighLimitSetpoint,RW,scaled-int,10,fahrenheit,700,1500,,name=Discharge High Limit Setpoint; models=80|82|84|86|87; modelNames=VZ7656B1000W|VZ7656E1000W|VZ7656F1000W|VZ7656H1000W|VZ7656R1000W
0x103C,DischargeLowLimitSetpoint,RW,scaled-int,10,fahrenheit,350,650,,name=Discharge Low Limit Setpoint; models=80|82|84|86|87; modelNames=VZ7656B1000W|VZ7656E1000W|VZ7656F1000W|VZ7656H1000W|VZ7656R1000W
0x103D,TransZonePIHeatDemand,R,u16,,percent,0,100,,name=Transferred Zone PI Heat Demand; models=80|82|84|86|87; modelNames=VZ7656B1000W|VZ7656E1000W|VZ7656F1000W|VZ7656H1000W|VZ7656R1000W
0x103E,TransZonePICoolDemand,R,u16,,percent,0,100,,name=Transferred Zone PI Cool Demand; models=80|82|84|86|87; modelNames=VZ7656B1000W|VZ7656E1000W|VZ7656F1000W|VZ7656H1000W|VZ7656R1000W
0x103F,HighestPIHeatZoneMac,R,u16,,,0,254,,name=Highest PI Heat Zone Mac; models=80|82|84|86|87; modelNames=VZ7656B1000W|VZ7656E1000W|VZ7656F1000W|VZ7656H1000W|VZ7656R1000W
0x1040,HighestPICoolZoneMac,R,u16,,,0,254,,name=Highest PI Cool Zone Mac; models=80|82|84|86|87; modelNames=VZ7656B1000W|VZ7656E1000W|VZ7656F1000W|VZ7656H1000W|VZ7656R1000W
0x1041,HighestPIHeatDemand,R,u16,,percent,0,100,,name=Highest PI Heat Demand; models=80|82|84|86|87; modelNames=VZ7656B1000W|VZ7656E1000W|VZ7656F1000W|VZ7656H1000W|VZ7656R1000W
0x1042,HighestPICoolDemand,R,u16,,percent,0,100,,name=Highest PI Cool Demand; models=80|82|84|86|87; modelNames=VZ7656B1000W|VZ7656E1000W|VZ7656F1000W|VZ7656H1000W|VZ7656R1000W
0x1043,PowerupDelay,RW,u16,,second,10,120,,name=Powerup Delay; models=0|1|10|11|12|17|2|23|24|25|26|28|30|4|6|80|82|84|86|87|9; modelNames=VT7600A5x00W|VT7600B5x00W|VT7600F5x00W|VT7600H5x00W|VT7600W5x00W|VT7605B5x00W|VT7606E5x00W|VT7607B5x00W|VT7652A5x00W|VT7652B5x00W|VT7652F5x00W|VT7652H5x00W|VT7652W5x00W|VT7656B5x00W|VT7656E5x00W|VT7657B5x00W|VZ7656B1000W|VZ7656E1000W|VZ7656F1000W|VZ7656H1000W|VZ7656R1000W
0x1044,HeatStagesLockStatus,R,bool,,,,,,name=Heat Stages Lockout Status; models=80; modelNames=VZ7656B1000W
0x1044,HeatingLockStatus,R,bool,,,,,,name=Heating Lockout Status; models=82|84|86|87; modelNames=VZ7656E1000W|VZ7656F1000W|VZ7656H1000W|VZ7656R1000W
0x1045,CoolStagesLockStatus,R,bool,,,,,,name=Cool Stages Lockout Status; models=80; modelNames=VZ7656B1000W
0x1045,CoolingLockStatus,R,bool,,,,,,name=Cooling Lockout Status; models=82|84|86|87; modelNames=VZ7656E1000W|VZ7656F1000W|VZ7656H1000W|VZ7656R1000W
0x1046,DischargeTempAlarm,R,bool,,,,,,name=Discharge Temperature Alarm; models=80|82|84|86|87; modelNames=VZ7656B1000W|VZ7656E1000W|VZ7656F1000W|VZ7656H1000W|VZ7656R1000W
0x1047,Units,RW,bool,,,,,,models=80|82|84|86|87; modelNames=VZ7656B1000W|VZ7656E1000W|VZ7656F1000W|VZ7656H1000W|VZ7656R1000W
0x1048,ProgRecovery,RW,bool,,,,,,name=Progressive Recovery; models=0|1|2|23|26|28|4|6|80|82|84|86|87; modelNames=VT7652A5x00W|VT7652B5x00W|VT7652F5x00W|VT7652H5x00W|VT7652W5x00W|VT7656B5x00W|VT7656E5x00W|VT7657B5x00W|VZ7656B1000W|VZ7656E1000W|VZ7656F1000W|VZ7656H1000W|VZ7656R1000W
0x1049,ZoneCommLostAlarm,R,bool,,,,,,name=Zone Comm Lost Alarm; models=80|82|84|86|87; modelNames=VZ7656B1000W|VZ7656E1000W|VZ7656F1000W|VZ7656H1000W|VZ7656R1000W
0x104A,AuxContact,RW,bool,,,,,,name=Aux Contact; models=0|1|10|11|12|17|2|25|26|28|30|4|6|80|82|84|86|9; modelNames=VT7600A5x00W|VT7600B5x00W|VT7600F5x00W|VT7600H5x00W|VT7600W5x00W|VT7605B5x00W|VT7607B5x00W|VT7652A5x00W|VT7652B5x00W|VT7652F5x00W|VT7652H5x00W|VT7652W5x00W|VT7656B5x00W|VT7657B5x00W|VZ7656B1000W|VZ7656F1000W|VZ7656H1000W|VZ7656R1000W
0x104B,FanPurgeDelay,RW,bool,,,,,,name=Fan Purge Delay; models=0|1|10|11|12|17|2|23|24|25|26|28|30|4|6|80|82|84|86|87|9; modelNames=VT7600A5x00W|VT7600B5x00W|VT7600F5x00W|VT7600H5x00W|VT7600W5x00W|VT7605B5x00W|VT7606E5x00W|VT7607B5x00W|VT7652A5x00W|VT7652B5x00W|VT7652F5x00W|VT7652H5x00W|VT7652W5x00W|VT7656B5x00W|VT7656E5x00W|VT7657B5x00W|VZ7656B1000W|VZ7656E1000W|VZ7656F1000W|VZ7656H1000W|VZ7656R1000W
0x104C,SmartRecoveryActive,R,bool,,,,,,name=RTC Smart Recovery Active; models=80|81|82|83|84|85|86|87; modelNames=VZ7200F5x00W|VZ7260C5x00W|VZ7260F5x00W|VZ7656B1000W|VZ7656E1000W|VZ7656F1000W|VZ7656H1000W|VZ7656R1000W
0x104D,ControlType,RW,enum,1,,,,CtrlTypeZoningEnum,offset=1; name=Control Type; models=80|82|84|86|87; modelNames=VZ7656B1000W|VZ7656E1000W|VZ7656F1000W|VZ7656H1000W|VZ7656R1000W
0x104E,RTCZoneSequence,RW,enum,1,,,,RTCZoneSequenceEnum,offset=1; name=RTC Zone Sequence; models=81|83|85; modelNames=VZ7200F5x00W|VZ7260C5x00W|VZ7260F5x00W
0x104E,RTCZoneSequence,R,enum,1,,,,RTCZoneSequenceEnum,offset=1; name=RTC Zone Sequence; models=80|82|84|86|87; modelNames=VZ7656B1000W|VZ7656E1000W|VZ7656F1000W|VZ7656H1000W|VZ7656R1000W
0x104F,StaticPressureTransducerRange,RW,enum,1,,,,StaticPresureRangeEnum,offset=1; name=Static Pressure Transducer Range; models=80|82|84|86|87; modelNames=VZ7656B1000W|VZ7656E1000W|VZ7656F1000W|VZ7656H1000W|VZ7656R1000W
0x1050,HeatingStages,RW,enum,,,,,NbStagesEnum,name=Heating Stages; models=0|1|10|17|6|80|84|87|9; modelNames=VT7600B5x00W|VT7605B5x00W|VT7607B5x00W|VT7652B5x00W|VT7656B5x00W|VT7657B5x00W|VZ7656B1000W|VZ7656E1000W|VZ7656R1000W
0x1051,CoolingStages,RW,enum,,,,,NbStagesEnum,name=Cooling Stages; models=0|1|10|17|23|24|28|30|6|80|84|86|87|9; modelNames=VT7600B5x00W|VT7600F5x00W|VT7605B5x00W|VT7606E5x00W|VT7607B5x00W|VT7652B5x00W|VT7652F5x00W|VT7656B5x00W|VT7656E5x00W|VT7657B5x00W|VZ7656B1000W|VZ7656E1000W|VZ7656F1000W|VZ7656R1000W
0x1052,HeatingCPH,RW,enum,1,,,,ThreeToEightCPHEnum,offset=-2; name=Heating CPH; models=0|1|10|11|12|17|2|23|24|4|6|80|82|84|87|9; modelNames=VT7600A5x00W|VT7600B5x00W|VT7600H5x00W|VT7605B5x00W|VT7606E5x00W|VT7607B5x00W|VT7652A5x00W|VT7652B5x00W|VT7652H5x00W|VT7656B5x00W|VT7656E5x00W|VT7657B5x00W|VZ7656B1000W|VZ7656E1000W|VZ7656H1000W|VZ7656R1000W
0x1053,CoolingCPH,RW,enum,1,,,,ThreeToFourCPHEnum,offset=-2; name=Cooling CPH; models=0|1|10|11|12|17|2|23|24|25|26|28|30|4|6|80|82|84|86|87|9; modelNames=VT7600A5x00W|VT7600B5x00W|VT7600F5x00W|VT7600H5x00W|VT7600W5x00W|VT7605B5x00W|VT7606E5x00W|VT7607B5x00W|VT7652A5x00W|VT7652B5x00W|VT7652F5x00W|VT7652H5x00W|VT7652W5x00W|VT7656B5x00W|VT7656E5x00W|VT7657B5x00W|VZ7656B1000W|VZ7656E1000W|VZ7656F1000W|VZ7656H1000W|VZ7656R1000W
0x1054,Anticycle,RW,enum,1,,,,AnticycleTimeEnum,offset=1; models=0|1|10|11|12|17|2|23|24|25|26|28|30|4|6|80|82|84|86|87|9; modelNames=VT7600A5x00W|VT7600B5x00W|VT7600F5x00W|VT7600H5x00W|VT7600W5x00W|VT7605B5x00W|VT7606E5x00W|VT7607B5x00W|VT7652A5x00W|VT7652B5x00W|VT7652F5x00W|VT7652H5x00W|VT7652W5x00W|VT7656B5x00W|VT7656E5x00W|VT7657B5x00W|VZ7656B1000W|VZ7656E1000W|VZ7656F1000W|VZ7656H1000W|VZ7656R1000W
0x1055,BI1Config,RW,enum,1,,,,BI1ConfigRtuZoningEnum,offset=1; name=BI1 Config; models=80|82|84|86; modelNames=VZ7656B1000W|VZ7656F1000W|VZ7656H1000W|VZ7656R1000W
0x1056,TempOccTime,RW,enum,1,,,,TemporaryOccTime24HEnum,offset=1; name=Temporary Occupancy Time; models=41|42|43|44|45|46|47|48|49|50|51|52|53|54|55|56|60|61; modelNames=VT7200C5x00W|VT7200F5x00W|VT7300A5x00W|VT7300C5x00W|VT7300F5x00W|VT7300M5x00W|VT7301F5x00W|VT7305A5x00W|VT7305C5x00W|VT7305F5x00W|VT7350C5x00W|VT7350F5x00W|VT7355C5x00W|VT7355F5x00W|VTR7300A5x00W|VTR7305A5x00W|VTR7350A5x00W|VTR7355A5x00W
0x1056,TempOccTime,RW,enum,1,,,,TemporaryOccTime12HEnum,offset=1; name=Temporary Occupancy Time; models=0|1|10|11|12|17|2|23|24|25|26|28|30|4|6|80|81|82|83|84|85|86|87|9; modelNames=VT7600A5x00W|VT7600B5x00W|VT7600F5x00W|VT7600H5x00W|VT7600W5x00W|VT7605B5x00W|VT7606E5x00W|VT7607B5x00W|VT7652A5x00W|VT7652B5x00W|VT7652F5x00W|VT7652H5x00W|VT7652W5x00W|VT7656B5x00W|VT7656E5x00W|VT7657B5x00W|VZ7200F5x00W|VZ7260C5x00W|VZ7260F5x00W|VZ7656B1000W|VZ7656E1000W|VZ7656F1000W|VZ7656H1000W|VZ7656R1000W
0x1057,EventDisplay,RW,enum,2,,,,NbEventEnum,name=Event Display; models=0|1|2|23|26|28|4|6|80|82|84|86|87; modelNames=VT7652A5x00W|VT7652B5x00W|VT7652F5x00W|VT7652H5x00W|VT7652W5x00W|VT7656B5x00W|VT7656E5x00W|VT7657B5x00W|VZ7656B1000W|VZ7656E1000W|VZ7656F1000W|VZ7656H1000W|VZ7656R1000W
0x1058,SystemModeRTUZN,RW,enum,1,,,,SystemModeRtuZoningEnum,offset=1; name=System Mode RTU Zoning; models=80; modelNames=VZ7656B1000W
0x1059,GetFrom,R,u16,,,0,255,,tuningPolicy=noWritePolicy; name=Get From; models=0|1|10|11|12|17|2|23|24|25|26|28|30|4|41|42|43|44|45|46|47|48|49|50|51|52|53|54|55|56|6|60|61|80|81|82|83|84|85|86|87|9; modelNames=VT7200C5x00W|VT7200F5x00W|VT7300A5x00W|VT7300C5x00W|VT7300F5x00W|VT7300M5x00W|VT7301F5x00W|VT7305A5x00W|VT7305C5x00W|VT7305F5x00W|VT7350C5x00W|VT7350F5x00W|VT7355C5x00W|VT7355F5x00W|VT7600A5x00W|VT7600B5x00W|VT7600F5x00W|VT7600H5x00W|VT7600W5x00W|VT7605B5x00W|VT7606E5x00W|VT7607B5x00W|VT7652A5x00W|VT7652B5x00W|VT7652F5x00W|VT7652H5x00W|VT7652W5x00W|VT7656B5x00W|VT7656E5x00W|VT7657B5x00W|VTR7300A5x00W|VTR7305A5x00W|VTR7350A5x00W|VTR7355A5x00W|VZ7200F5x00W|VZ7260C5x00W|VZ7260F5x00W|VZ7656B1000W|VZ7656E1000W|VZ7656F1000W|VZ7656H1000W|VZ7656R1000W
0x105A,NetworkHandle,RW,enum,1,,,,NetworkHandleEnum,offset=1; name=Network Handle; models=81|83|85; modelNames=VZ7200F5x00W|VZ7260C5x00W|VZ7260F5x00W
0x105C,Deadband,RW,scaled-int,10,fahrenheit degrees,20,50,,models=41|42|43|44|45|46|47|48|49|50|51|52|53|54|55|56|60|61|81|83|85; modelNames=VT7200C5x00W|VT7200F5x00W|VT7300A5x00W|VT7300C5x00W|VT7300F5x00W|VT7300M5x00W|VT7301F5x00W|VT7305A5x00W|VT7305C5x00W|VT7305F5x00W|VT7350C5x00W|VT7350F5x00W|VT7355C5x00W|VT7355F5x00W|VTR7300A5x00W|VTR7305A5x00W|VTR7350A5x00W|VTR7355A5x00W|VZ7200F5x00W|VZ7260C5x00W|VZ7260F5x00W
0x105C,Deadband,RW,scaled-int,10,fahrenheit degrees,20,40,,models=0|1|10|11|12|17|2|23|24|25|26|28|30|4|6|80|82|84|86|87|9; modelNames=VT7600A5x00W|VT7600B5x00W|VT7600F5x00W|VT7600H5x00W|VT7600W5x00W|VT7605B5x00W|VT7606E5x00W|VT7607B5x00W|VT7652A5x00W|VT7652B5x00W|VT7652F5x00W|VT7652H5x00W|VT7652W5x00W|VT7656B5x00W|VT7656E5x00W|VT7657B5x00W|VZ7656B1000W|VZ7656E1000W|VZ7656F1000W|VZ7656H1000W|VZ7656R1000W
0x105D,RTCCommAddress,RW,u16,,,1,127,,name=RTC Comm Address; models=81|83|85; modelNames=VZ7200F5x00W|VZ7260C5x00W|VZ7260F5x00W
0x105E,AO2OALK,RW,scaled-int,10,fahrenheit,-400,1220,,name=AO2 Outside Air Lockout Setpoint; models=81|85; modelNames=VZ7200F5x00W|VZ7260F5x00W
0x105F,BO5OALK,RW,scaled-int,10,fahrenheit,-400,1220,,name=BO5 Outside Air Lockout Setpoint; models=81|83|85; modelNames=VZ7200F5x00W|VZ7260C5x00W|VZ7260F5x00W
0x1060,DamperMinPos,RW,u16,,percent,0,100,,name=Damper Minimum Position; models=81|83|85; modelNames=VZ7200F5x00W|VZ7260C5x00W|VZ7260F5x00W
0x1061,DamperMaxPos,RW,u16,,percent,0,100,,name=Damper Maximum Position; models=81|83|85; modelNames=VZ7200F5x00W|VZ7260C5x00W|VZ7260F5x00W
0x1062,DamperMaxHeatPos,RW,u16,,percent,0,100,,name=Damper Max Heat Position; models=81|83|85; modelNames=VZ7200F5x00W|VZ7260C5x00W|VZ7260F5x00W
0x1063,HeatingSetpointLimit,RW,scaled-int,10,fahrenheit,400,900,,name=Heating Setpoint Limit; models=0|1|10|11|12|17|2|23|24|25|26|28|30|4|41|42|43|44|45|46|47|48|49|50|51|52|53|54|55|56|6|60|61|81|83|85|9; modelNames=VT7200C5x00W|VT7200F5x00W|VT7300A5x00W|VT7300C5x00W|VT7300F5x00W|VT7300M5x00W|VT7301F5x00W|VT7305A5x00W|VT7305C5x00W|VT7305F5x00W|VT7350C5x00W|VT7350F5x00W|VT7355C5x00W|VT7355F5x00W|VT7600A5x00W|VT7600B5x00W|VT7600F5x00W|VT7600H5x00W|VT7600W5x00W|VT7605B5x00W|VT7606E5x00W|VT7607B5x00W|VT7652A5x00W|VT7652B5x00W|VT7652F5x00W|VT7652H5x00W|VT7652W5x00W|VT7656B5x00W|VT7656E5x00W|VT7657B5x00W|VTR7300A5x00W|VTR7305A5x00W|VTR7350A5x00W|VTR7355A5x00W|VZ7200F5x00W|VZ7260C5x00W|VZ7260F5x00W
0x1064,CoolingSetpointLimit,RW,scaled-int,10,fahrenheit,540,1000,,name=Cooling Setpoint Limit; models=0|1|10|11|12|17|2|23|24|25|26|28|30|4|41|42|43|44|45|46|47|48|49|50|51|52|53|54|55|56|6|60|61|81|83|85|9; modelNames=VT7200C5x00W|VT7200F5x00W|VT7300A5x00W|VT7300C5x00W|VT7300F5x00W|VT7300M5x00W|VT7301F5x00W|VT7305A5x00W|VT7305C5x00W|VT7305F5x00W|VT7350C5x00W|VT7350F5x00W|VT7355C5x00W|VT7355F5x00W|VT7600A5x00W|VT7600B5x00W|VT7600F5x00W|VT7600H5x00W|VT7600W5x00W|VT7605B5x00W|VT7606E5x00W|VT7607B5x00W|VT7652A5x00W|VT7652B5x00W|VT7652F5x00W|VT7652H5x00W|VT7652W5x00W|VT7656B5x00W|VT7656E5x00W|VT7657B5x00W|VTR7300A5x00W|VTR7305A5x00W|VTR7350A5x00W|VTR7355A5x00W|VZ7200F5x00W|VZ7260C5x00W|VZ7260F5x00W
0x1065,AO2Status,R,u16,,percent,0,100,,name=AO2 Status; models=81|85; modelNames=VZ7200F5x00W|VZ7260F5x00W
0x1066,DisplayScale,RW,bool,,,,,,name=Display Scale; models=0|1|10|11|12|17|2|23|24|25|26|28|30|4|41|42|43|44|45|46|47|48|49|50|51|52|53|54|55|56|6|60|61|81|83|85|9; modelNames=VT7200C5x00W|VT7200F5x00W|VT7300A5x00W|VT7300C5x00W|VT7300F5x00W|VT7300M5x00W|VT7301F5x00W|VT7305A5x00W|VT7305C5x00W|VT7305F5x00W|VT7350C5x00W|VT7350F5x00W|VT7355C5x00W|VT7355F5x00W|VT7600A5x00W|VT7600B5x00W|VT7600F5x00W|VT7600H5x00W|VT7600W5x00W|VT7605B5x00W|VT7606E5x00W|VT7607B5x00W|VT7652A5x00W|VT7652B5x00W|VT7652F5x00W|VT7652H5x00W|VT7652W5x00W|VT7656B5x00W|VT7656E5x00W|VT7657B5x00W|VTR7300A5x00W|VTR7305A5x00W|VTR7350A5x00W|VTR7355A5x00W|VZ7200F5x00W|VZ7260C5x00W|VZ7260F5x00W
0x1067,MenuScroll,RW,bool,,,,,,name=Menu Scroll; models=0|1|10|11|12|17|2|23|24|25|26|28|30|4|41|42|43|44|45|46|47|48|49|50|51|52|53|54|55|56|6|60|61|81|83|85|9; modelNames=VT7200C5x00W|VT7200F5x00W|VT7300A5x00W|VT7300C5x00W|VT7300F5x00W|VT7300M5x00W|VT7301F5x00W|VT7305A5x00W|VT7305C5x00W|VT7305F5x00W|VT7350C5x00W|VT7350F5x00W|VT7355C5x00W|VT7355F5x00W|VT7600A5x00W|VT7600B5x00W|VT7600F5x00W|VT7600H5x00W|VT7600W5x00W|VT7605B5x00W|VT7606E5x00W|VT7607B5x00W|VT7652A5x00W|VT7652B5x00W|VT7652F5x00W|VT7652H5x00W|VT7652W5x00W|VT7656B5x00W|VT7656E5x00W|VT7657B5x00W|VTR7300A5x00W|VTR7305A5x00W|VTR7350A5x00W|VTR7355A5x00W|VZ7200F5x00W|VZ7260C5x00W|VZ7260F5x00W
0x1068,CfgMotionDetection,RW,bool,,,,,,name=Config Motion Detection; models=81; modelNames=VZ7200F5x00W
0x1069,AO2RA/DA,RW,bool,,,,,,name=AO2 RA/DA; models=81|85; modelNames=VZ7200F5x00W|VZ7260F5x00W
0x106A,BO5TimeBase,RW,bool,,,,,,name=BO5 Time Base; models=81|83|85; modelNames=VZ7200F5x00W|VZ7260C5x00W|VZ7260F5x00W
0x106B,BO5ContactFunction,RW,bool,,,,,,name=BO5 Contact Function; models=81|83|85; modelNames=VZ7200F5x00W|VZ7260C5x00W|VZ7260F5x00W
0x106C,BO5Status,R,bool,,,,,,name=BO5 Status; models=81|83|85; modelNames=VZ7200F5x00W|VZ7260C5x00W|VZ7260F5x00W
0x106D,AO2LockStatus,R,bool,,,,,,name=AO2 Lock Status; models=81|85; modelNames=VZ7200F5x00W|VZ7260F5x00W
0x106E,BO5LockStatus,R,bool,,,,,,name=BO5 Lock Status; models=81|83|85; modelNames=VZ7200F5x00W|VZ7260C5x00W|VZ7260F5x00W
0x106F,RoomTempOverride,RW,bool,,,,,,name=Room Temperature Override; models=0|1|10|11|12|17|2|23|24|25|26|28|30|4|41|42|43|44|45|46|47|48|49|50|51|52|53|54|55|56|6|60|61|81|83|85|9; modelNames=VT7200C5x00W|VT7200F5x00W|VT7300A5x00W|VT7300C5x00W|VT7300F5x00W|VT7300M5x00W|VT7301F5x00W|VT7305A5x00W|VT7305C5x00W|VT7305F5x00W|VT7350C5x00W|VT7350F5x00W|VT7355C5x00W|VT7355F5x00W|VT7600A5x00W|VT7600B5x00W|VT7600F5x00W|VT7600H5x00W|VT7600W5x00W|VT7605B5x00W|VT7606E5x00W|VT7607B5x00W|VT7652A5x00W|VT7652B5x00W|VT7652F5x00W|VT7652H5x00W|VT7652W5x00W|VT7656B5x00W|VT7656E5x00W|VT7657B5x00W|VTR7300A5x00W|VTR7305A5x00W|VTR7350A5x00W|VTR7355A5x00W|VZ7200F5x00W|VZ7260C5x00W|VZ7260F5x00W
0x1070,SetpointType,RW,bool,,,,,,name=Setpoint Type; models=41|42|43|44|45|46|47|48|49|50|51|52|53|54|55|56|60|61|81|83|85; modelNames=VT7200C5x00W|VT7200F5x00W|VT7300A5x00W|VT7300C5x00W|VT7300F5x00W|VT7300M5x00W|VT7301F5x00W|VT7305A5x00W|VT7305C5x00W|VT7305F5x00W|VT7350C5x00W|VT7350F5x00W|VT7355C5x00W|VT7355F5x00W|VTR7300A5x00W|VTR7305A5x00W|VTR7350A5x00W|VTR7355A5x00W|VZ7200F5x00W|VZ7260C5x00W|VZ7260F5x00W
0x1071,ReheatConfig,RW,enum,1,,,,ReheatConfigEnum,offset=1; name=Reheat Config; models=81; modelNames=VZ7200F5x00W
0x1071,ReheatConfig,RW,enum,1,,,,ReheatConfigUniversalEnum,offset=1; name=Reheat Config; models=83|85; modelNames=VZ7260C5x00W|VZ7260F5x00W
0x1072,PIHeatWeight,RW,enum,25,,,,PIRWeightEnum,offset=25; name=PI Heat Weight; models=81|83|85; modelNames=VZ7200F5x00W|VZ7260C5x00W|VZ7260F5x00W
0x1073,PICoolWeight,RW,enum,25,,,,PIRWeightEnum,offset=25; name=PI Cool Weight; models=81|83|85; modelNames=VZ7200F5x00W|VZ7260C5x00W|VZ7260F5x00W
0x1074,TRSS,R,u16,,percent,0,100,,type=NumericSpecial; models=0|1|10|11|12|17|2|21|23|24|25|26|28|30|4|41|42|43|44|45|46|47|48|49|50|51|52|53|54|55|56|6|60|61|80|81|82|83|84|85|86|87|9; modelNames=VRP5000W1000W|VT7200C5x00W|VT7200F5x00W|VT7300A5x00W|VT7300C5x00W|VT7300F5x00W|VT7300M5x00W|VT7301F5x00W|VT7305A5x00W|VT7305C5x00W|VT7305F5x00W|VT7350C5x00W|VT7350F5x00W|VT7355C5x00W|VT7355F5x00W|VT7600A5x00W|VT7600B5x00W|VT7600F5x00W|VT7600H5x00W|VT7600W5x00W|VT7605B5x00W|VT7606E5x00W|VT7607B5x00W|VT7652A5x00W|VT7652B5x00W|VT7652F5x00W|VT7652H5x00W|VT7652W5x00W|VT7656B5x00W|VT7656E5x00W|VT7657B5x00W|VTR7300A5x00W|VTR7305A5x00W|VTR7350A5x00W|VTR7355A5x00W|VZ7200F5x00W|VZ7260C5x00W|VZ7260F5x00W|VZ7656B1000W|VZ7656E1000W|VZ7656F1000W|VZ7656H1000W|VZ7656R1000W
0x1075,OutdoorTempOverride,RW,bool,,,,,,name=Outdoor Temperature Override; models=0|1|10|11|12|17|2|23|24|25|26|28|30|4|41|42|43|44|45|46|47|48|49|50|51|52|53|54|55|56|6|60|61|80|81|82|83|84|85|86|87|9; modelNames=VT7200C5x00W|VT7200F5x00W|VT7300A5x00W|VT7300C5x00W|VT7300F5x00W|VT7300M5x00W|VT7301F5x00W|VT7305A5x00W|VT7305C5x00W|VT7305F5x00W|VT7350C5x00W|VT7350F5x00W|VT7355C5x00W|VT7355F5x00W|VT7600A5x00W|VT7600B5x00W|VT7600F5x00W|VT7600H5x00W|VT7600W5x00W|VT7605B5x00W|VT7606E5x00W|VT7607B5x00W|VT7652A5x00W|VT7652B5x00W|VT7652F5x00W|VT7652H5x00W|VT7652W5x00W|VT7656B5x00W|VT7656E5x00W|VT7657B5x00W|VTR7300A5x00W|VTR7305A5x00W|VTR7350A5x00W|VTR7355A5x00W|VZ7200F5x00W|VZ7260C5x00W|VZ7260F5x00W|VZ7656B1000W|VZ7656E1000W|VZ7656F1000W|VZ7656H1000W|VZ7656R1000W
0x1076,RoomHumidityOverride,RW,bool,,,,,,name=Room Humidity Override; models=0|17|25|26|43|45|47|49|53|55; modelNames=VT7350C5x00W|VT7350F5x00W|VT7355C5x00W|VT7355F5x00W|VT7600W5x00W|VT7607B5x00W|VT7652W5x00W|VT7657B5x00W|VTR7350A5x00W|VTR7355A5x00W
0x1077,HeatingValveStatus,R,bool,,,,,,name=Heating Valve Status; models=41|42|43|44|45|46|53|54|55|56|60; modelNames=VT7200C5x00W|VT7300A5x00W|VT7300C5x00W|VT7305A5x00W|VT7305C5x00W|VT7350C5x00W|VT7355C5x00W|VTR7300A5x00W|VTR7305A5x00W|VTR7350A5x00W|VTR7355A5x00W
0x1078,CoolingValveStatus,R,bool,,,,,,name=Cooling Valve Status; models=41|42|43|44|45|46|53|54|55|56|60; modelNames=VT7200C5x00W|VT7300A5x00W|VT7300C5x00W|VT7305A5x00W|VT7305C5x00W|VT7350C5x00W|VT7355C5x00W|VTR7300A5x00W|VTR7305A5x00W|VTR7350A5x00W|VTR7355A5x00W
0x1079,BI2Config,RW,enum,1,,,,BI2ConfigEnum,offset=1; name=BI2 Config; models=41|42|43|44|45|46|47|48|49|50|51|52|60|61; modelNames=VT7200C5x00W|VT7200F5x00W|VT7300A5x00W|VT7300C5x00W|VT7300F5x00W|VT7300M5x00W|VT7301F5x00W|VT7305A5x00W|VT7305C5x00W|VT7305F5x00W|VT7350C5x00W|VT7350F5x00W|VT7355C5x00W|VT7355F5x00W
0x1079,BI2Config,RW,enum,1,,,,BI2ConfigPFcuEnum,offset=1; name=BI2 Config; models=53|54|55|56; modelNames=VTR7300A5x00W|VTR7305A5x00W|VTR7350A5x00W|VTR7355A5x00W
0x107A,UI3Config,RW,enum,1,,,,UI3ConfigEnum,offset=1; name=UI3 Config; models=41|42|43|44|45|46|47|48|49|50|51|60|61; modelNames=VT7200C5x00W|VT7200F5x00W|VT7300A5x00W|VT7300C5x00W|VT7300F5x00W|VT7300M5x00W|VT7305A5x00W|VT7305C5x00W|VT7305F5x00W|VT7350C5x00W|VT7350F5x00W|VT7355C5x00W|VT7355F5x00W
0x107B,AutoModeEnable,RW,bool,,,,,,name=Auto Mode Enable; models=41|42|43|44|45|46|47|48|49|50|51|53|54|55|56; modelNames=VT7300A5x00W|VT7300C5x00W|VT7300F5x00W|VT7300M5x00W|VT7305A5x00W|VT7305C5x00W|VT7305F5x00W|VT7350C5x00W|VT7350F5x00W|VT7355C5x00W|VT7355F5x00W|VTR7300A5x00W|VTR7305A5x00W|VTR7350A5x00W|VTR7355A5x00W
0x107C,PipeNumber,RW,enum,2,,,,PipeNumberEnum,name=Pipe Number; models=41|42|43|44|45|46|47|48|49|50|53|54|55|56; modelNames=VT7300A5x00W|VT7300C5x00W|VT7300F5x00W|VT7305A5x00W|VT7305C5x00W|VT7305F5x00W|VT7350C5x00W|VT7350F5x00W|VT7355C5x00W|VT7355F5x00W|VTR7300A5x00W|VTR7305A5x00W|VTR7350A5x00W|VTR7355A5x00W
0x107D,Out#1Config,RW,enum,2,,,,Out1ConfigEnum,name=Out #1 Config; models=60|61; modelNames=VT7200C5x00W|VT7200F5x00W
0x107E,AuxConfig,RW,enum,1,,,,AuxConfigEnum,offset=1; name=Aux Configuration; models=41|42|43|44|45|46|47|48|49|50|51|60|61; modelNames=VT7200C5x00W|VT7200F5x00W|VT7300A5x00W|VT7300C5x00W|VT7300F5x00W|VT7300M5x00W|VT7305A5x00W|VT7305C5x00W|VT7305F5x00W|VT7350C5x00W|VT7350F5x00W|VT7355C5x00W|VT7355F5x00W
0x107F,FanModeSequence,RW,enum,1,,,,FanModeSeqEnum,offset=1; name=Fan Mode Sequence; models=41|42|43|44|45|46|47|48|49|50|53|54|55|56; modelNames=VT7300A5x00W|VT7300C5x00W|VT7300F5x00W|VT7305A5x00W|VT7305C5x00W|VT7305F5x00W|VT7350C5x00W|VT7350F5x00W|VT7355C5x00W|VT7355F5x00W|VTR7300A5x00W|VTR7305A5x00W|VTR7350A5x00W|VTR7355A5x00W
0x1080,SetpointFunction,RW,bool,,,,,,name=Setpoint Function; models=41|42|43|44|45|46|47|48|49|50|51|53|54|55|56; modelNames=VT7300A5x00W|VT7300C5x00W|VT7300F5x00W|VT7300M5x00W|VT7305A5x00W|VT7305C5x00W|VT7305F5x00W|VT7350C5x00W|VT7350F5x00W|VT7355C5x00W|VT7355F5x00W|VTR7300A5x00W|VTR7305A5x00W|VTR7350A5x00W|VTR7355A5x00W
0x1081,ReheatTimeBase,RW,bool,,,,,,name=Reheat Time Base; models=41|42|43|44|45|46|47|48|49|50|51|60|61; modelNames=VT7200C5x00W|VT7200F5x00W|VT7300A5x00W|VT7300C5x00W|VT7300F5x00W|VT7300M5x00W|VT7305A5x00W|VT7305C5x00W|VT7305F5x00W|VT7350C5x00W|VT7350F5x00W|VT7355C5x00W|VT7355F5x00W
0x1082,ProportionalBand,RW,enum,1,,,,PBandFcuEnum,offset=-2; name=Proportional Band; models=41|42|43|44|45|46|47|48|49|50|51|52|53|54|55|56|60|61; modelNames=VT7200C5x00W|VT7200F5x00W|VT7300A5x00W|VT7300C5x00W|VT7300F5x00W|VT7300M5x00W|VT7301F5x00W|VT7305A5x00W|VT7305C5x00W|VT7305F5x00W|VT7350C5x00W|VT7350F5x00W|VT7355C5x00W|VT7355F5x00W|VTR7300A5x00W|VTR7305A5x00W|VTR7350A5x00W|VTR7355A5x00W
0x1082,ProportionalBand,RW,enum,1,,,,PBandFcuEnum,offset=2; name=Proportional Band; models=83|85; modelNames=VZ7260C5x00W|VZ7260F5x00W
0x1082,ProprationalBand,RW,enum,1,,,,PBandRtuHpEnum,offset=-1; name=Proportional Band; models=0|1|10|11|12|17|2|23|24|25|26|28|30|4|6|9; modelNames=VT7600A5x00W|VT7600B5x00W|VT7600F5x00W|VT7600H5x00W|VT7600W5x00W|VT7605B5x00W|VT7606E5x00W|VT7607B5x00W|VT7652A5x00W|VT7652B5x00W|VT7652F5x00W|VT7652H5x00W|VT7652W5x00W|VT7656B5x00W|VT7656E5x00W|VT7657B5x00W
0x1083,AutoFan,RW,bool,,,,,,name=Auto Fan; models=41|42|43|44|45|46|47|48|49|50|53|54|55|56; modelNames=VT7300A5x00W|VT7300C5x00W|VT7300F5x00W|VT7305A5x00W|VT7305C5x00W|VT7305F5x00W|VT7350C5x00W|VT7350F5x00W|VT7355C5x00W|VT7355F5x00W|VTR7300A5x00W|VTR7305A5x00W|VTR7350A5x00W|VTR7355A5x00W
0x1084,StandbyTime,RW,scaled-int,10,hour,5,240,,name=Standby Time; models=41|42|43|44|45|46|47|48|49|50|51|52|53|54|55|56|60|61|83|85; modelNames=VT7200C5x00W|VT7200F5x00W|VT7300A5x00W|VT7300C5x00W|VT7300F5x00W|VT7300M5x00W|VT7301F5x00W|VT7305A5x00W|VT7305C5x00W|VT7305F5x00W|VT7350C5x00W|VT7350F5x00W|VT7355C5x00W|VT7355F5x00W|VTR7300A5x00W|VTR7305A5x00W|VTR7350A5x00W|VTR7355A5x00W|VZ7260C5x00W|VZ7260F5x00W
0x1085,UnoccTime,RW,scaled-int,10,hour,0,240,,name=Unoccupied Time; models=41|42|43|44|45|46|47|48|49|50|51|52|53|54|55|56|60|61|83|85; modelNames=VT7200C5x00W|VT7200F5x00W|VT7300A5x00W|VT7300C5x00W|VT7300F5x00W|VT7300M5x00W|VT7301F5x00W|VT7305A5x00W|VT7305C5x00W|VT7305F5x00W|VT7350C5x00W|VT7350F5x00W|VT7355C5x00W|VT7355F5x00W|VTR7300A5x00W|VTR7305A5x00W|VTR7350A5x00W|VTR7355A5x00W|VZ7260C5x00W|VZ7260F5x00W
0x1085,UnoccTime,RW,scaled-int,10,hour,5,240,,name=Unoccupied Time; models=0|1|10|11|12|17|2|23|24|25|26|28|30|4|6|9; modelNames=VT7600A5x00W|VT7600B5x00W|VT7600F5x00W|VT7600H5x00W|VT7600W5x00W|VT7605B5x00W|VT7606E5x00W|VT7607B5x00W|VT7652A5x00W|VT7652B5x00W|VT7652F5x00W|VT7652H5x00W|VT7652W5x00W|VT7656B5x00W|VT7656E5x00W|VT7657B5x00W
0x1086,RHDisplay,RW,bool,,,,,,name=RH Display; models=0|17|43|45|47|49|53|55; modelNames=VT7350C5x00W|VT7350F5x00W|VT7355C5x00W|VT7355F5x00W|VT7607B5x00W|VT7657B5x00W|VTR7350A5x00W|VTR7355A5x00W
0x1087,DehumHysteresis,RW,scaled-int,10,percent relative humidity,20,200,,name=Dehumidification Hysteresis; models=0|17|43|45|47|49|53|55; modelNames=VT7350C5x00W|VT7350F5x00W|VT7355C5x00W|VT7355F5x00W|VT7607B5x00W|VT7657B5x00W|VTR7350A5x00W|VTR7355A5x00W
0x1088,DehumMaxCooling,RW,scaled-int,10,percent,200,1000,,name=Dehumidification Max Cooling; models=43|45|47|49|53|55; modelNames=VT7350C5x00W|VT7350F5x00W|VT7355C5x00W|VT7355F5x00W|VTR7350A5x00W|VTR7355A5x00W
0x1089,ControlType,RW,bool,,,,,,name=Control Type; models=43|44|45|46|60; modelNames=VT7200C5x00W|VT7300C5x00W|VT7305C5x00W|VT7350C5x00W|VT7355C5x00W
0x108A,FloatingMotorTiming,RW,enum,5,,,,FloatingMororTimingEnum,name=Floating Motor Timing; models=43|44|45|46|60; modelNames=VT7200C5x00W|VT7300C5x00W|VT7305C5x00W|VT7350C5x00W|VT7355C5x00W
0x108B,OnOffControlCPH,RW,enum,1,,,,OnOffCtrlCPHEnum,offset=-2; name=On Off Control CPH; models=41|42|43|44|45|46|60; modelNames=VT7200C5x00W|VT7300A5x00W|VT7300C5x00W|VT7305A5x00W|VT7305C5x00W|VT7350C5x00W|VT7355C5x00W
0x108C,DirectReverseActing,RW,bool,,,,,,name=Direct Reverse Acting; models=47|48|49|50|51|61; modelNames=VT7200F5x00W|VT7300F5x00W|VT7300M5x00W|VT7305F5x00W|VT7350F5x00W|VT7355F5x00W
0x108D,FanOptions,RW,bool,,,,,,name=Fan Options; models=52; modelNames=VT7301F5x00W
0x108E,ReheatCPH,RW,enum,1,,,,ReheatCPHEnum,offset=-1; name=Reheat CPH; models=52; modelNames=VT7301F5x00W
0x108F,FrostProtection,RW,bool,,,,,,name=Frost Protection; models=0|1|10|11|12|17|2|23|24|25|26|28|30|4|6|9; modelNames=VT7600A5x00W|VT7600B5x00W|VT7600F5x00W|VT7600H5x00W|VT7600W5x00W|VT7605B5x00W|VT7606E5x00W|VT7607B5x00W|VT7652A5x00W|VT7652B5x00W|VT7652F5x00W|VT7652H5x00W|VT7652W5x00W|VT7656B5x00W|VT7656E5x00W|VT7657B5x00W
0x1090,FanControl,RW,bool,,,,,,name=Fan Control; models=0|1|10|11|12|17|2|23|24|25|26|28|30|4|6|9; modelNames=VT7600A5x00W|VT7600B5x00W|VT7600F5x00W|VT7600H5x00W|VT7600W5x00W|VT7605B5x00W|VT7606E5x00W|VT7607B5x00W|VT7652A5x00W|VT7652B5x00W|VT7652F5x00W|VT7652H5x00W|VT7652W5x00W|VT7656B5x00W|VT7656E5x00W|VT7657B5x00W
0x1091,DI1Config,RW,enum,1,,,,DI1ConfigEnum,offset=1; name=DI1 Config; models=1|10|11|12|2|25|26|28|30|4|6|9; modelNames=VT7600A5x00W|VT7600B5x00W|VT7600F5x00W|VT7600H5x00W|VT7600W5x00W|VT7605B5x00W|VT7652A5x00W|VT7652B5x00W|VT7652F5x00W|VT7652H5x00W|VT7652W5x00W|VT7656B5x00W
0x1091,DIConfig,RW,enum,1,,,,DI1ConfigEnum,offset=1; name=DI Config; models=0|17; modelNames=VT7607B5x00W|VT7657B5x00W
0x1092,DI2Config,RW,enum,1,,,,DI2ConfigEnum,offset=1; name=DI2 Config; models=1|10|11|12|2|25|26|28|30|4|6|9; modelNames=VT7600A5x00W|VT7600B5x00W|VT7600F5x00W|VT7600H5x00W|VT7600W5x00W|VT7605B5x00W|VT7652A5x00W|VT7652B5x00W|VT7652F5x00W|VT7652H5x00W|VT7652W5x00W|VT7656B5x00W
0x1093,HeatpumpStages,RW,enum,,,,,HeatPumpStageEnum,name=Heatpump Stages; models=12|25|26|4|82; modelNames=VT7600H5x00W|VT7600W5x00W|VT7652H5x00W|VT7652W5x00W|VZ7656H1000W
0x1094,EconoChangeoverSetpoint,RW,scaled-int,10,fahrenheit,140,700,,name=Economizer Changeover Setpoint; models=1|23|24|87|9; modelNames=VT7605B5x00W|VT7606E5x00W|VT7656B5x00W|VT7656E5x00W|VZ7656E1000W
0x1095,EconoMinPos,RW,u16,,percent,0,100,,name=Economizer Minimum Position; models=1|23|24|87|9; modelNames=VT7605B5x00W|VT7606E5x00W|VT7656B5x00W|VT7656E5x00W|VZ7656E1000W
0x1096,MechCoolEnable,RW,bool,,,,,,name=Mechanical Cooling Enable; models=1|23|24|9; modelNames=VT7605B5x00W|VT7606E5x00W|VT7656B5x00W|VT7656E5x00W
0x1097,MixedAirSetpoint,RW,scaled-int,10,fahrenheit,500,900,,name=Mixed Air Setpoint; models=1|23|24|87|9; modelNames=VT7605B5x00W|VT7606E5x00W|VT7656B5x00W|VT7656E5x00W|VZ7656E1000W
0x1098,HighBalancePoint,RW,scaled-int,10,fahrenheit,340,900,,name=High Balance Point; models=12|4|82; modelNames=VT7600H5x00W|VT7652H5x00W|VZ7656H1000W
0x1099,LowBalancePoint,RW,scaled-int,10,fahrenheit,-400,300,,name=Low Balance Point; models=12|4|82; modelNames=VT7600H5x00W|VT7652H5x00W|VZ7656H1000W
0x109A,ComfortMode,RW,bool,,,,,,name=Comfort Mode; models=12|4; modelNames=VT7600H5x00W|VT7652H5x00W
0x109B,ReversingValveConfig,RW,bool,,,,,,name=Reversing Valve Config; models=12|25|26|4|82; modelNames=VT7600H5x00W|VT7600W5x00W|VT7652H5x00W|VT7652W5x00W|VZ7656H1000W
0x109C,CompressorAuxiliaryLockout,RW,bool,,,,,,name=Compressor Auxiliary Lockout; models=12|4|82; modelNames=VT7600H5x00W|VT7652H5x00W|VZ7656H1000W
0x109D,DehumLowOALockout,RW,scaled-int,10,fahrenheit,-400,1220,,name=Dehumidification Low OA Lockout; models=0|17; modelNames=VT7607B5x00W|VT7657B5x00W
0x109E,DehumLockoutFunctions,RW,bool,,,,,,name=Dehumidification Lockout Functions; models=0|17; modelNames=VT7607B5x00W|VT7657B5x00W
0x109F,LowRHSetpoint,RW,scaled-int,10,percent relative humidity,100,900,,name=Low RH Setpoint; models=0|17; modelNames=VT7607B5x00W|VT7657B5x00W
0x10A0,LowTempResetRHSetpoint,RW,scaled-int,10,fahrenheit,-400,150,,name=Low Temperature Reset RH Setpoint; models=0|17; modelNames=VT7607B5x00W|VT7657B5x00W
0x10A1,HighTempResetRHSetpoint,RW,scaled-int,10,fahrenheit,200,550,,name=High Temperature Reset RH Setpoint; models=0|17; modelNames=VT7607B5x00W|VT7657B5x00W
0x10A2,DamperPos,R,u16,,percent,0,100,,name=Damper Position; models=81|85; modelNames=VZ7200F5x00W|VZ7260F5x00W
0x10A3,BI1Config,RW,enum,1,,,,BI1ConfigEnum,offset=1; name=BI1 Config; models=41|42|43|44|45|46|47|48|49|50|51|52|53|54|55|56|60|61; modelNames=VT7200C5x00W|VT7200F5x00W|VT7300A5x00W|VT7300C5x00W|VT7300F5x00W|VT7300M5x00W|VT7301F5x00W|VT7305A5x00W|VT7305C5x00W|VT7305F5x00W|VT7350C5x00W|VT7350F5x00W|VT7355C5x00W|VT7355F5x00W|VTR7300A5x00W|VTR7305A5x00W|VTR7350A5x00W|VTR7355A5x00W
0x10A3,BI1Config,RW,enum,1,,,,BI1ConfigFcuZoningEnum,offset=1; name=BI1 Config; models=81|83|85; modelNames=VZ7200F5x00W|VZ7260C5x00W|VZ7260F5x00W
0x10A4,RUI1Config,RW,enum,1,,,,RUI1ConfigEnum,offset=1; name=RUI1 Config; models=53|54|55|56; modelNames=VTR7300A5x00W|VTR7305A5x00W|VTR7350A5x00W|VTR7355A5x00W
0x10A5,RBI2Config,RW,enum,1,,,,RBI2ConfigEnum,offset=1; name=RBI2 Config; models=53|54|55|56; modelNames=VTR7300A5x00W|VTR7305A5x00W|VTR7350A5x00W|VTR7355A5x00W
0x10A6,RUI1Status,R,bool,1,,,,,offset=-70; name=RUI1 Status; models=53|54|55|56; modelNames=VTR7300A5x00W|VTR7305A5x00W|VTR7350A5x00W|VTR7355A5x00W
0x10A7,RBI2Status,R,bool,,,,,,name=RBI2 Status; models=53|54|55|56; modelNames=VTR7300A5x00W|VTR7305A5x00W|VTR7350A5x00W|VTR7355A5x00W
0x10A9,HeatingCPH,RW,enum,1,,,,ThreeToEightCPHEnum,offset=-2; name=Heating CPH; models=53|54|55|56; modelNames=VTR7300A5x00W|VTR7305A5x00W|VTR7350A5x00W|VTR7355A5x00W
0x10AA,CoolingCPH,RW,enum,1,,,,ThreeToEightCPHEnum,offset=-2; name=Cooling CPH; models=53|54|55|56; modelNames=VTR7300A5x00W|VTR7305A5x00W|VTR7350A5x00W|VTR7355A5x00W
0x10AB,Heat NO/NC,RW,bool,,,,,,models=53|54|55|56; modelNames=VTR7300A5x00W|VTR7305A5x00W|VTR7350A5x00W|VTR7355A5x00W
0x10AC,CoolNO/NC,RW,bool,,,,,,name=Cool NO/NC; models=53|54|55|56; modelNames=VTR7300A5x00W|VTR7305A5x00W|VTR7350A5x00W|VTR7355A5x00W
0x10AD,PulsedHeat,RW,enum,1,,,,PulsedHeatEnum,offset=1; name=Pulsed Heat; models=53|54|55|56; modelNames=VTR7300A5x00W|VTR7305A5x00W|VTR7350A5x00W|VTR7355A5x00W
0x10AE,LowBattAlarm,R,bool,,,,,,name=Low Battery Alarm; models=41|42|43|44|45|46|47|48|49|50|51|53|54|55|56|60|61; modelNames=VT7200C5x00W|VT7200F5x00W|VT7300A5x00W|VT7300C5x00W|VT7300F5x00W|VT7300M5x00W|VT7305A5x00W|VT7305C5x00W|VT7305F5x00W|VT7350C5x00W|VT7350F5x00W|VT7355C5x00W|VT7355F5x00W|VTR7300A5x00W|VTR7305A5x00W|VTR7350A5x00W|VTR7355A5x00W
0x10AF,WirelessWindowSwitchUsed,R,bool,,,,,,name=Wireless Window Switch Used; models=41|42|43|44|45|46|47|48|49|50|51|53|54|55|56|60|61; modelNames=VT7200C5x00W|VT7200F5x00W|VT7300A5x00W|VT7300C5x00W|VT7300F5x00W|VT7300M5x00W|VT7305A5x00W|VT7305C5x00W|VT7305F5x00W|VT7350C5x00W|VT7350F5x00W|VT7355C5x00W|VT7355F5x00W|VTR7300A5x00W|VTR7305A5x00W|VTR7350A5x00W|VTR7355A5x00W
0x10B0,WirelessWindowSwitchStatus,R,bool,,,,,,name=Wireless Window Switch Status; models=41|42|43|44|45|46|47|48|49|50|51|53|54|55|56|60|61; modelNames=VT7200C5x00W|VT7200F5x00W|VT7300A5x00W|VT7300C5x00W|VT7300F5x00W|VT7300M5x00W|VT7305A5x00W|VT7305C5x00W|VT7305F5x00W|VT7350C5x00W|VT7350F5x00W|VT7355C5x00W|VT7355F5x00W|VTR7300A5x00W|VTR7305A5x00W|VTR7350A5x00W|VTR7355A5x00W
0x10B1,WirelessDoorSwitchUsed,R,bool,,,,,,name=Wireless Door Switch Used; models=41|42|43|44|45|46|47|48|49|50|51|53|54|55|56|60|61; modelNames=VT7200C5x00W|VT7200F5x00W|VT7300A5x00W|VT7300C5x00W|VT7300F5x00W|VT7300M5x00W|VT7305A5x00W|VT7305C5x00W|VT7305F5x00W|VT7350C5x00W|VT7350F5x00W|VT7355C5x00W|VT7355F5x00W|VTR7300A5x00W|VTR7305A5x00W|VTR7350A5x00W|VTR7355A5x00W
0x10B2,WirelessDoorSwitchStatus,R,bool,,,,,,name=Wireless Door Switch Status; models=41|42|43|44|45|46|47|48|49|50|51|53|54|55|56|60|61; modelNames=VT7200C5x00W|VT7200F5x00W|VT7300A5x00W|VT7300C5x00W|VT7300F5x00W|VT7300M5x00W|VT7305A5x00W|VT7305C5x00W|VT7305F5x00W|VT7350C5x00W|VT7350F5x00W|VT7355C5x00W|VT7355F5x00W|VTR7300A5x00W|VTR7305A5x00W|VTR7350A5x00W|VTR7355A5x00W
0x10B8,HeatDemandLimit,RW,u16,,percent,0,100,,name=Heating Demand Limit; models=53|54|55|56; modelNames=VTR7300A5x00W|VTR7305A5x00W|VTR7350A5x00W|VTR7355A5x00W
0x10B9,CoolDemandLimit,RW,u16,,percent,0,100,,name=Cooling Demand Limit; models=53|54|55|56; modelNames=VTR7300A5x00W|VTR7305A5x00W|VTR7350A5x00W|VTR7355A5x00W
0x10BA,PIHeatDemand,R,u16,,percent,0,100,,name=PI Heating Demand; models=81|83|85; modelNames=VZ7200F5x00W|VZ7260C5x00W|VZ7260F5x00W
0x10BB,PICoolDemand,R,u16,,percent,0,100,,name=PI Cooling Demand; models=81|83|85; modelNames=VZ7200F5x00W|VZ7260C5x00W|VZ7260F5x00W
0x10BD,DisableMinimumPosition,RW,bool,,,,,,name=Disable Minimum Position; models=83|85; modelNames=VZ7260C5x00W|VZ7260F5x00W
0x10BE,AI4Config,RW,enum,1,,,,AI4ConfigZoningEnum,offset=1; name=AI4 Config; models=83|85; modelNames=VZ7260C5x00W|VZ7260F5x00W
0x10BF,BO1BO2FloatingMotorTime,RW,enum,5,,,,FloatingMororTimingEnum,name=BO1 BO2 Floating Motor Time; models=83; modelNames=VZ7260C5x00W
0x10C0,BO3BO4FloatingMotorTime,RW,enum,5,,,,FloatingMororTimingEnum,name=BO3 BO4 Floating Motor Time; models=83; modelNames=VZ7260C5x00W
0x10C1,BO3BO4OutsideAirLockoutSetpoint,RW,scaled-int,10,fahrenheit,-400,1220,,name=BO3 BO4 Outside Air Lockout Setpoint; models=83; modelNames=VZ7260C5x00W
0x10C2,HeatingPerformance,R,scaled-int,10,fahrenheit,0,1000,,name=Heating Performance; models=83|85; modelNames=VZ7260C5x00W|VZ7260F5x00W
0x10C3,CoolingPerformance,R,scaled-int,10,fahrenheit,0,1000,,name=Cooling Performance; models=83|85; modelNames=VZ7260C5x00W|VZ7260F5x00W
0x10C4,RoomCO2Level,R,u16,,parts per million,0,2000,,name=Room CO2 Level; models=83|85; modelNames=VZ7260C5x00W|VZ7260F5x00W
0x10C5,TransferredCO2Value,R,u16,,parts per million,0,2000,,name=Transferred CO2 Value; models=83|85; modelNames=VZ7260C5x00W|VZ7260F5x00W
0x10C6,AI4Value,R,scaled-int,10,volt,0,100,,name=AI4 Value; models=83|85; modelNames=VZ7260C5x00W|VZ7260F5x00W
0x10C7,BO3BO4LockStatus,R,bool,,,,,,name=BO3 BO4 Lock Status; models=83; modelNames=VZ7260C5x00W
0x10C8,SystemModeRTUZN,RW,enum,1,,,,SystemModeRtuEnum,offset=1; name=System Mode RTU Zoning; models=84|86|87; modelNames=VZ7656E1000W|VZ7656F1000W|VZ7656R1000W
0x10C9,StaticPressureControlType,RW,bool,1,,,,,offset=1; name=Static Pressure Control Type; models=82|84|86|87; modelNames=VZ7656E1000W|VZ7656F1000W|VZ7656H1000W|VZ7656R1000W
0x10CA,SystemModeHPZN,RW,enum,1,,,,SystemModeHpEnum,offset=1; name=System Mode HP Zoning; models=82; modelNames=VZ7656H1000W
0x10CB,EmergencyHeatMode,RW,bool,1,,,,,offset=1; name=Emergency Heat Mode; models=82; modelNames=VZ7656H1000W
0x10CC,MinimumSupplyHeatSetpoint,RW,scaled-int,10,fahrenheit,500,720,,name=Minimum Supply Heat Setpoint; models=86; modelNames=VZ7656F1000W
0x10CD,SupplyHeatLockoutTemperature,RW,scaled-int,10,fahrenheit,-150,1200,,name=Supply Heat Lockout Temperature; models=86; modelNames=VZ7656F1000W
0x10CE,CO2ControlType,RW,enum,1,,,,CtrlTypeZoningEnum,offset=1; name=CO2 Control Type; models=87; modelNames=VZ7656E1000W
0x10D0,EconoMaxPos,RW,u16,,percent,0,100,,name=Economizer Maximum Position; models=23|24|87; modelNames=VT7606E5x00W|VT7656E5x00W|VZ7656E1000W
0x10D1,FreshAirMaxRange,RW,u16,,cubic feet per minute,0,20000,,name=Fresh Air Max Range; models=87; modelNames=VZ7656E1000W
0x10D2,MinFreshAir,RW,u16,,cubic feet per minute,0,20000,,name=Minimum Fresh Air; models=87; modelNames=VZ7656E1000W
0x10D3,MaxFreshAir,RW,u16,,cubic feet per minute,0,20000,,name=Maximum Fresh Air; models=87; modelNames=VZ7656E1000W
0x10D4,MinCO2Level,RW,u16,,parts per million,0,2000,,name=Minimum CO2 Level; models=87; modelNames=VZ7656E1000W
0x10D5,MaxCO2Level,RW,u16,,parts per million,0,2000,,name=Maximum CO2 Level; models=87; modelNames=VZ7656E1000W
0x10D6,AnalogHeatOutputStatus,R,u16,,percent,0,100,,name=Analog Heat Output Status; models=86; modelNames=VZ7656F1000W
0x10D7,SupplyPIHeatDemand,R,u16,,percent,0,100,,name=Supply PI Heat Demand; models=86; modelNames=VZ7656F1000W
0x10D8,FreshAirLevel,R,u16,,cubic feet per minute,0,20000,,name=Fresh Air Level; models=87; modelNames=VZ7656E1000W
0x10D9,FreshAirAlarm,R,bool,,,,,,name=Fresh Air Alarm; models=23|24|87; modelNames=VT7606E5x00W|VT7656E5x00W|VZ7656E1000W
0x10DA,CO2Level,R,u16,,parts per million,0,2000,,name=CO2 Level; models=87; modelNames=VZ7656E1000W
0x10DB,HighCO2Alarm,R,bool,,,,,,name=High CO2 Alarm; models=23|24|87; modelNames=VT7606E5x00W|VT7656E5x00W|VZ7656E1000W
0x10DC,HighestCO2ZoneMac,R,u16,,,0,254,,name=Highest CO2 Zone Mac; models=87; modelNames=VZ7656E1000W
0x10DD,SupplyHeatLockoutStatus,R,bool,,,,,,name=Supply Heat Lockout Status; models=86; modelNames=VZ7656F1000W
0x10DF,FanControl,RW,enum,1,,,,FanCtrlEnum,offset=1; name=Fan Control; models=53|54|55|56; modelNames=VTR7300A5x00W|VTR7305A5x00W|VTR7350A5x00W|VTR7355A5x00W
0x10E0,RHDisplay,RW,bool,,,,,,name=RH Display; models=25|26; modelNames=VT7600W5x00W|VT7652W5x00W
0x10E1,DehumRHSetpoint,RW,scaled-int,10,percent,300,950,,name=Dehumidification RH Setpoint; models=25|26; modelNames=VT7600W5x00W|VT7652W5x00W
0x10E2,DehumHysteresis,RW,scaled-int,10,percent,20,200,,name=Dehumidification Hysteresis; models=25|26; modelNames=VT7600W5x00W|VT7652W5x00W
0x10E3,DehumLowOALockout,RW,scaled-int,10,fahrenheit,-400,1220,,name=Dehumidification Low OA Lockout; models=25|26; modelNames=VT7600W5x00W|VT7652W5x00W
0x10E4,DehumLockoutFunctions,RW,enum,,,,,DehumLockoutEnum,name=Dehumidification Lockout Functions; models=25|26; modelNames=VT7600W5x00W|VT7652W5x00W
0x10E5,DehumOutputStatus,R,bool,,,,,,name=Dehumidification Output Status; models=25|26; modelNames=VT7600W5x00W|VT7652W5x00W
0x10E6,WaterTemperature,R,scaled-int,10,fahrenheit,-400,1220,,name=Water Temperature; models=25|26; modelNames=VT7600W5x00W|VT7652W5x00W
0x10E7,EconoOutput,R,u16,,percent,0,100,,name=Economizer Output; models=23|24; modelNames=VT7606E5x00W|VT7656E5x00W
0x10E8,AI1Value,R,scaled-int,10,volt,0,100,,name=AI1 Value; models=23|24; modelNames=VT7606E5x00W|VT7656E5x00W
0x10E9,AnalogHeatOutputStatus,R,u16,,percent,0,100,,name=Analog Heat Output Status; models=23|24|28|30; modelNames=VT7600F5x00W|VT7606E5x00W|VT7652F5x00W|VT7656E5x00W
0x10EA,FreshAirLevel,R,u16,,cubic feet per minute,0,20000,,name=Fresh Air Level; models=23|24; modelNames=VT7606E5x00W|VT7656E5x00W
0x10EB,SupplyHeatLockoutStatus,R,bool,,,,,,name=Supply Heat Lockout Status; models=23|24|28|30; modelNames=VT7600F5x00W|VT7606E5x00W|VT7652F5x00W|VT7656E5x00W
0x10EC,CO2Level,R,u16,,parts per million,0,2000,,name=CO2 Level; models=23|24; modelNames=VT7606E5x00W|VT7656E5x00W
0x10ED,DisAirAlarm,R,bool,,,,,,name=Discharge Air Alarm; models=23|24|28|30; modelNames=VT7600F5x00W|VT7606E5x00W|VT7652F5x00W|VT7656E5x00W
0x10EE,HeatingStages,RW,enum,,,,,HeatingStagesEnum,name=Heating Stages; models=23|24; modelNames=VT7606E5x00W|VT7656E5x00W
0x10EF,FreshAirMaxRange,RW,u16,,cubic feet per minute,0,20000,,name=Fresh Air Max Range; models=23|24; modelNames=VT7606E5x00W|VT7656E5x00W
0x10F0,DischargeHighLimitSetpoint,RW,scaled-int,10,fahrenheit,700,1500,,name=Discharge High Limit Setpoint; models=23|24|28|30; modelNames=VT7600F5x00W|VT7606E5x00W|VT7652F5x00W|VT7656E5x00W
0x10F1,DischargeLowLimitSetpoint,RW,scaled-int,10,fahrenheit,350,650,,name=Discharge Low Limit Setpoint; models=23|24|28|30; modelNames=VT7600F5x00W|VT7606E5x00W|VT7652F5x00W|VT7656E5x00W
0x10F2,AI1Configuration,RW,bool,,,,,,name=AI1 Configuration; models=23|24; modelNames=VT7606E5x00W|VT7656E5x00W
0x10F3,MinimumSupplyHeatSetpoint,RW,scaled-int,10,fahrenheit,500,720,,name=Minimum Supply Heat Setpoint; models=23|24|28|30; modelNames=VT7600F5x00W|VT7606E5x00W|VT7652F5x00W|VT7656E5x00W
0x10F4,SupplyHeatLockoutTemperature,RW,scaled-int,10,fahrenheit,-150,1200,,name=Supply Heat Lockout Temperature; models=23|24|28|30; modelNames=VT7600F5x00W|VT7606E5x00W|VT7652F5x00W|VT7656E5x00W
0x10F5,SupplyPIHeatDemand,R,u16,,percent,0,100,,name=Supply PI Heat Demand; models=23|24|28|30; modelNames=VT7600F5x00W|VT7606E5x00W|VT7652F5x00W|VT7656E5x00W
0x10F6,MinFreshAir,RW,u16,,cubic feet per minute,0,20000,,name=Minimum Fresh Air; models=23|24; modelNames=VT7606E5x00W|VT7656E5x00W
0x10F7,MaxFreshAir,RW,u16,,cubic feet per minute,0,20000,,name=Maximum Fresh Air; models=23|24; modelNames=VT7606E5x00W|VT7656E5x00W
0x10F8,MinCO2Level,RW,u16,,parts per million,0,2000,,name=Minimum CO2 Level; models=23|24; modelNames=VT7606E5x00W|VT7656E5x00W
0x10F9,MaxCO2Level,RW,u16,,parts per million,0,2000,,name=Maximum CO2 Level; models=23|24; modelNames=VT7606E5x00W|VT7656E5x00W
